pos	chr	genomicPos	ref_id	strand	ref_kmer	GMM_anova_pvalue	GMM_anova_pvalue_context_2	GMM_logit_pvalue	GMM_logit_pvalue_context_2	KS_dwell_pvalue	KS_dwell_pvalue_context_2	KS_intensity_pvalue	KS_intensity_pvalue_context_2	GMM_cov_type	GMM_n_clust	cluster_counts	Anova_delta_logit	Logit_LOR
82	6	52995631	ENST00000636484	+	GATCT	0.9823085794355126	0.8787728304934296	0.45873904657729636	0.5344986620340917	0.9999443603933589	0.6948562476245175	0.4258489177497692	0.014268102099827658	full	2	WT_1:32/35__WT_2:511/315__KD_1:165/97__KD_2:151/134	-0.125027509	0.12599862117910587
83	6	52995632	ENST00000636484	+	ATCTG	0.9823085794355126	0.8787728304934296	0.7701214298615104	0.3099714641693386	0.8770868910935803	0.6758056042709819	0.2600904163327383	0.0002905028543491948	full	2	WT_1:10/251__WT_2:57/1648__KD_1:18/477__KD_2:19/699	0.15075234349999977	0.10303648755546237
84	6	52995633	ENST00000636484	+	TCTGG	0.9823085794355126	0.8787728304934296	0.3045991635349809	0.1648219799735283	0.31759234823614424	0.4987820769869613	1.4031099144337133e-07	3.4453451070378604e-06	full	2	WT_1:12/261__WT_2:91/1686__KD_1:23/494__KD_2:26/719	0.19880231349999988	0.25948538113019215
85	6	52995634	ENST00000636484	+	CTGGC	0.9823085794355126	0.8787728304934296	0.1823510795285346	0.11792039675446557	0.9695421717294288	0.1894858472994817	9.498367750213031e-08	2.7857781873678637e-06	full	2	WT_1:44/226__WT_2:272/1459__KD_1:70/437__KD_2:163/596	-0.09170886449999971	-0.18534342497384573
86	6	52995635	ENST00000636484	+	TGGCT	0.9823085794355126	0.8787728304934296	0.11395977953401852	0.10935805612538392	0.3479856046848605	0.13563262326598452	1.085475224006817e-08	3.0973858214219362e-06	full	2	WT_1:94/219__WT_2:593/1290__KD_1:156/397__KD_2:236/621	0.13952121299999998	0.16669132947783685
87	6	52995636	ENST00000636484	+	GGCTG	0.9823085794355126	0.8787728304934296	0.16441128746814687	0.10017322894845665	0.014691781368791514	0.1487097394733762	0.1601667644703929	1.6285671589758927e-12	full	2	WT_1:268/54__WT_2:1619/385__KD_1:481/99__KD_2:764/143	-0.11055710449999978	-0.17813363621371214
88	6	52995637	ENST00000636484	+	GCTGC	0.9823085794355126	0.8787728304934296	0.5094812809680084	0.11792039675446557	0.19822357847256164	0.12549768947969092	0.4600081734649494	1.1019175871157612e-11	full	2	WT_1:81/252__WT_2:215/1848__KD_1:61/541__KD_2:144/778	0.28780842699999987	-0.09892571525146537
89	6	52995638	ENST00000636484	+	CTGCG	0.9823085794355126	0.8787728304934296	0.24052222524995853	0.22057779607898695	0.6060126371517298	0.13563262326598452	6.538779732760594e-36	2.07128259372702e-10	full	2	WT_1:227/110__WT_2:1458/622__KD_1:448/157__KD_2:661/269	-0.18524799700000005	-0.12236284440260588
90	6	52995639	ENST00000636484	+	TGCGA	0.9823085794355126	0.8787728304934296	0.3272405443613966	0.3099714641693386	0.3918581677370543	0.3025142007301579	0.0016840679825630607	1.6946085435527272e-10	full	2	WT_1:253/86__WT_2:1444/605__KD_1:409/183__KD_2:634/287	0.17426242049999996	0.10166373682745461
91	6	52995640	ENST00000636484	+	GCGAC	0.9823085794355126	0.8787728304934296	0.9632956248766631	0.32061754308943297	0.5255685355355546	0.48982183403912705	0.00619994630686139	1.771272928801076e-10	full	2	WT_1:211/125__WT_2:1314/732__KD_1:384/210__KD_2:588/331	-0.034962902500000004	-0.009316968389918613
92	6	52995641	ENST00000636484	+	CGACA	0.9823085794355126	0.8787728304934296	0.4927233441704298	0.3243275682092698	0.8351322031057901	0.5505460463169429	0.05605607883890417	0.0007301317629193482	full	2	WT_1:306/33__WT_2:1723/350__KD_1:497/107__KD_2:802/115	0.164435039	-0.09779925254140236
93	6	52995642	ENST00000636484	+	GACAT	0.9823085794355126	0.8787728304934296	0.5764895703107473	0.2454769152215765	0.8770868910935803	0.49790032442650806	0.6655917339369648	0.00048476244756277966	full	2	WT_1:186/155__WT_2:868/1223__KD_1:292/324__KD_2:400/529	0.11064221200000003	-0.058916637284467215
94	6	52995643	ENST00000636484	+	ACATC	0.9823085794355126	0.8787728304934296	0.24052222524995853	0.18040121362367695	0.9999443603933589	0.39798177886886005	3.1631609985009455e-07	1.0277736639174965e-05	full	2	WT_1:143/200__WT_2:753/1346__KD_1:207/410__KD_2:321/611	0.20475072800000005	0.11351135039107851
95	6	52995644	ENST00000636484	+	CATCT	0.9823085794355126	0.8787728304934296	0.13366681294627403	0.22057779607898695	0.23431029443621298	0.3382384952479589	0.00031730381975718754	3.3122421282195333e-06	full	2	WT_1:101/248__WT_2:1286/827__KD_1:369/250__KD_2:460/488	-0.3902548255	0.1384856205025823
96	6	52995645	ENST00000636484	+	ATCTG	0.9964920755652311	0.8787728304934296	0.31400250706742916	0.16351017857923933	0.27180702637153153	0.3592690142570718	4.5475560184505865e-10	2.66237034864981e-06	full	2	WT_1:249/100__WT_2:1407/703__KD_1:401/216__KD_2:686/260	0.0075594810000000345	-0.10141518827994983
97	6	52995646	ENST00000636484	+	TCTGT	0.9823085794355126	0.8798828595987277	0.9848257126403814	0.2416326750825755	0.5164259691335309	0.27074160780481876	0.0005835482965291075	2.0044651251233823e-06	full	2	WT_1:335/15__WT_2:2055/73__KD_1:600/20__KD_2:919/36	-0.09927664150000037	0.00741625172041793
98	6	52995647	ENST00000636484	+	CTGTC	0.9854006631181944	0.8787728304934296	0.20738143739310183	0.14028846744902906	0.9999443603933589	0.12549768947969092	0.22242363872521484	1.0971614858843846e-05	full	2	WT_1:315/25__WT_2:1806/231__KD_1:542/51__KD_2:841/84	-0.0443313820000002	-0.2090400161628526
99	6	52995648	ENST00000636484	+	TGTCA	0.9823085794355126	0.8787728304934296	0.9848257126403814	0.19469355220638898	0.48913558920081546	0.16126379269979202	7.644553414671452e-08	0.0013916114479932675	full	2	WT_1:126/212__WT_2:1133/882__KD_1:335/249__KD_2:469/452	-0.29970730300000004	0.00344848430216791
100	6	52995649	ENST00000636484	+	GTCAC	0.9823085794355126	0.8787728304934296	0.0133677328741269	0.1648219799735283	0.0022652641646906235	0.14801700154256758	0.4866682357471858	0.00041127930870502396	full	2	WT_1:142/203__WT_2:798/1299__KD_1:262/353__KD_2:416/525	-0.15633804499999993	-0.21011148004111455
101	6	52995650	ENST00000636484	+	TCACC	0.9823085794355126	0.8787728304934296	0.9775356979246338	0.2261099462166207	0.9117276157169358	0.1229027947305715	0.30373373448347224	0.000523873757429481	full	2	WT_1:117/231__WT_2:622/1503__KD_1:199/426__KD_2:275/678	0.05064858800000005	-0.007826696265529749
102	6	52995651	ENST00000636484	+	CACCC	0.9823085794355126	0.8787728304934296	0.5890628830275074	0.20979688826906528	0.3694812542049846	0.13563262326598452	3.082281533929546e-06	0.014268102099827658	full	2	WT_1:58/291__WT_2:489/1647__KD_1:147/479__KD_2:182/771	-0.09802822499999997	0.06895348771174668
103	6	52995652	ENST00000636484	+	ACCCC	0.9823085794355126	0.8787728304934296	0.6097170204533512	0.43094675950861694	0.3479856046848605	0.41485289409421844	0.6143034529005924	0.011674644672931	full	2	WT_1:40/302__WT_2:255/1851__KD_1:72/548__KD_2:102/834	0.06566851350000036	0.08250195434897076
104	6	52995653	ENST00000636484	+	CCCCA	0.9823085794355126	0.8787728304934296	0.7423638629584418	0.20493119418621555	0.8637600179446612	0.23475992934483705	0.07170944515791991	0.00445408115430737	full	2	WT_1:209/121__WT_2:947/1006__KD_1:268/301__KD_2:475/396	0.20847207999999998	-0.038437636935047946
105	6	52995654	ENST00000636484	+	CCCAT	0.9823085794355126	0.8787728304934296	0.24052222524995853	0.22477215501519263	0.5255685355355546	0.3170377174912476	0.21861896685805482	0.020545788929952957	full	2	WT_1:101/240__WT_2:471/1593__KD_1:128/470__KD_2:193/709	0.25780275350000026	0.13534923581363403
106	6	52995655	ENST00000636484	+	CCATT	0.9823085794355126	0.8787728304934296	0.08038917671224839	0.15391975789271184	0.1316379007251398	0.22907204378674442	0.006231465231673945	0.01542585353801401	full	2	WT_1:112/235__WT_2:718/1437__KD_1:179/455__KD_2:287/661	0.16612493400000006	0.1723286352689248
107	6	52995656	ENST00000636484	+	CATTG	0.9823085794355126	0.8787728304934296	0.809586416788099	0.00041028539123355963	0.9999443603933589	0.018688961155693396	0.0022627187978297367	0.0005003568425373979	full	2	WT_1:127/220__WT_2:861/1304__KD_1:266/366__KD_2:367/584	-0.08959669400000003	-0.02759024931063495
108	6	52995657	ENST00000636484	+	ATTGA	0.9823085794355126	0.8787728304934296	0.1650711897190073	6.706589435424203e-10	0.08873546402145069	0.00409461498689829	0.19296945410747796	1.6480358106284495e-10	full	2	WT_1:109/236__WT_2:712/1461__KD_1:230/399__KD_2:333/617	-0.16063234700000006	-0.13590782726461215
109	6	52995658	ENST00000636484	+	TTGAT	0.9823085794355126	0.8787728304934296	7.767320896393842e-12	6.706589435424203e-10	3.639685358619735e-05	0.006821679968068825	4.272209753620505e-08	4.4362514613085614e-14	full	2	WT_1:44/310__WT_2:536/1647__KD_1:91/542__KD_2:122/849	0.3269613494999999	0.6575927596339691
110	6	52995659	ENST00000636484	+	TGATC	0.9955520244594518	0.8787728304934296	3.046959700315644e-20	6.706589435424203e-10	0.006319371047831885	0.0033527824193403046	8.032168552598508e-30	1.2342076604719548e-13	full	2	WT_1:69/285__WT_2:1261/909__KD_1:342/287__KD_2:246/717	-0.09408843	0.642100990871089
111	6	52995660	ENST00000636484	+	GATCG	0.9823085794355126	0.8787728304934296	0.42927936238839115	6.706589435424203e-10	0.4592227062016739	0.0016872348038734347	5.0561680327312275e-20	2.225295961278096e-14	full	2	WT_1:134/208__WT_2:473/1679__KD_1:120/505__KD_2:238/715	0.41278075699999994	0.09100462088314665
112	6	52995661	ENST00000636484	+	ATCGC	0.9823085794355126	0.8787728304934296	0.5953555158685543	7.746771337652719e-06	0.11834381319453131	0.028296908079458227	0.4043918513035349	4.3676498324650845e-13	full	2	WT_1:28/318__WT_2:158/2022__KD_1:62/567__KD_2:44/925	0.14093526450000038	0.10848911244095953
113	6	52995662	ENST00000636484	+	TCGCC	0.9823085794355126	0.8787728304934296	0.29693677319126527	0.3950305071283492	0.010255233196291503	0.14112171906953486	2.579329306855737e-05	1.0891685135775514e-06	full	2	WT_1:290/57__WT_2:1859/322__KD_1:543/87__KD_2:846/126	-0.1777831700000001	-0.13803114270160868
114	6	52995663	ENST00000636484	+	CGCCA	0.9823085794355126	0.8787728304934296	0.9632956248766631	0.42050320967663174	0.7591409695820293	0.16395545307712883	0.08236983322012323	0.027832059290080303	full	2	WT_1:291/49__WT_2:1692/462__KD_1:485/138__KD_2:772/182	0.18436676899999993	-0.011291651325057085
115	6	52995664	ENST00000636484	+	GCCAG	0.9823085794355126	0.8787728304934296	0.6058356553584537	0.2028570262306743	0.9208815890983835	0.19495720428531127	0.9132465711763904	0.01782493207394792	full	2	WT_1:316/20__WT_2:1986/127__KD_1:571/38__KD_2:861/64	0.09314248449999996	0.11195918645803266
116	6	52995665	ENST00000636484	+	CCAGG	0.9823085794355126	0.8787728304934296	0.5466118254799427	0.14542350420146347	0.838683913945333	0.395840021927976	0.4600081734649494	0.0570023766682501	full	2	WT_1:229/51__WT_2:1398/488__KD_1:393/133__KD_2:623/178	0.1053552015000001	-0.07807080123491325
117	6	52995666	ENST00000636484	+	CAGGG	0.9823085794355126	0.8787728304934296	0.03877254441451199	0.1173730019474072	0.2739703603074035	0.22522951273610584	0.07322891843529289	0.05350288807564067	full	2	WT_1:138/88__WT_2:888/309__KD_1:276/69__KD_2:425/137	-0.5016727120000001	-0.273269406116322
118	6	52995667	ENST00000636484	+	AGGGT	0.9823085794355126	0.8787728304934296	0.11072451248085291	0.08358512273138588	0.30496485246466115	0.22907204378674442	0.0032954666629795466	0.03287126106324903	full	2	WT_1:291/46__WT_2:1452/517__KD_1:465/126__KD_2:691/184	0.11939397150000008	-0.18491046204357112
119	6	52995668	ENST00000636484	+	GGGTT	0.9823085794355126	0.8787728304934296	0.42927936238839115	0.0875232613071222	0.08482883148859187	0.23475992934483705	0.06313524106003747	0.0012880809483338351	full	2	WT_1:267/87__WT_2:1728/432__KD_1:522/116__KD_2:772/189	-0.2012257904999999	-0.0976092268853219
120	6	52995669	ENST00000636484	+	GGTTG	0.9823085794355126	0.8787728304934296	0.20738143739310183	0.012474437239388462	0.9999443603933589	0.11340724744404738	0.14455628120730638	2.2105426639957972e-10	full	2	WT_1:227/129__WT_2:1036/1133__KD_1:280/359__KD_2:568/393	0.1763058695	-0.11920250615513646
121	6	52995670	ENST00000636484	+	GTTGA	0.9823085794355126	0.8787728304934296	0.6628293265275722	0.00960112882380411	0.9408051007031172	0.14112171906953486	6.608109232240884e-07	1.6946085435527272e-10	full	2	WT_1:8/350__WT_2:60/2130__KD_1:9/633__KD_2:28/945	0.20868809300000057	0.14465037543472276
122	6	52995671	ENST00000636484	+	TTGAT	0.9955520244594518	0.8798828595987277	3.2814884511563678e-06	0.010960394712297537	0.0029621276847169565	0.20765991830170583	3.2655308016866437e-31	1.2927047507439063e-10	full	2	WT_1:237/119__WT_2:1869/314__KD_1:551/93__KD_2:675/293	-0.06848328549999994	0.42607312802265573
123	6	52995672	ENST00000636484	+	TGATT	0.9898231402541555	0.8787728304934296	0.0340314959516721	0.010960394712297537	0.9087937639389172	0.11340724744404738	0.0007839451001948678	1.6857977925176117e-10	full	2	WT_1:264/69__WT_2:1548/589__KD_1:456/170__KD_2:749/183	-0.04584019750000001	-0.21375278790101085
124	6	52995673	ENST00000636484	+	GATTC	0.9823085794355126	0.8787728304934296	0.7423638629584418	0.009704989623343778	0.5444026900428709	0.11668159033107597	0.012177313125345052	4.506455785512385e-09	full	2	WT_1:234/100__WT_2:978/1175__KD_1:274/362__KD_2:511/435	0.38903593299999994	-0.03548174994008397
125	6	52995674	ENST00000636484	+	ATTCG	0.9823085794355126	0.8787728304934296	0.20738143739310183	0.1176946929482556	0.04595509555251709	0.13563262326598452	0.5128930811288149	5.694185402251906e-05	full	2	WT_1:81/254__WT_2:343/1781__KD_1:103/517__KD_2:130/807	0.32277741449999997	0.16719341431662232
126	6	52995675	ENST00000636484	+	TTCGG	0.9823085794355126	0.8787728304934296	0.42927936238839115	0.29519536252844963	0.9999443603933589	0.12549768947969092	0.6900538675203792	0.00012731668940990046	full	2	WT_1:10/343__WT_2:45/2122__KD_1:8/629__KD_2:18/949	0.4429138984999996	0.28370915526218254
127	6	52995676	ENST00000636484	+	TCGGC	0.9823085794355126	0.8787728304934296	0.25045032523883826	0.30282899042923017	0.007031995961447676	0.10967955477810502	5.577774672965408e-13	0.00035099024295624575	full	2	WT_1:29/329__WT_2:191/2002__KD_1:36/609__KD_2:81/900	0.22826290899999968	0.19286145939067256
128	6	52995677	ENST00000636484	+	CGGCT	0.9823085794355126	0.8787728304934296	0.9785084107457502	0.3461373893239482	0.6733847354530711	0.19817237524206574	0.02228244367411643	0.00037017567401093147	full	2	WT_1:214/149__WT_2:1435/774__KD_1:417/232__KD_2:630/358	-0.08583499949999995	0.00699564777805141
129	6	52995678	ENST00000636484	+	GGCTG	0.9823085794355126	0.8787728304934296	0.8440856360794188	0.3609274372108351	0.29170558392588586	0.16395545307712883	0.6900538675203792	2.9291419558670488e-05	full	2	WT_1:273/89__WT_2:1799/415__KD_1:532/118__KD_2:793/195	-0.1600958065	-0.02833550167713458
130	6	52995679	ENST00000636484	+	GCTGA	0.9823085794355126	0.8787728304934296	0.290898899435597	0.4852226232650486	0.9999443603933589	0.4436667993247819	0.6444361165577357	0.003599072512639058	full	2	WT_1:351/5__WT_2:2161/49__KD_1:636/10__KD_2:947/36	0.26816336299999977	0.3043383816468051
131	6	52995680	ENST00000636484	+	CTGAT	0.9823085794355126	0.8787728304934296	0.4988465038307998	0.047298515115793374	0.5255685355355546	0.4932516116485289	2.0600238086710645e-05	5.4822055363316157e-05	full	2	WT_1:308/52__WT_2:1842/351__KD_1:548/94__KD_2:837/142	-0.051913437500000104	-0.09384378730813796
132	6	52995681	ENST00000636484	+	TGATC	0.9823085794355126	0.8787728304934296	0.725808778752551	0.032462880192907384	0.6733847354530711	0.4932516116485289	0.0003797323941344289	4.416054429544735e-05	full	2	WT_1:98/261__WT_2:579/1575__KD_1:171/457__KD_2:244/720	0.04295690650000006	0.044146306675535735
133	6	52995682	ENST00000636484	+	GATCT	0.9823085794355126	0.8787728304934296	1.7467698136269214e-05	0.0286663768181435	0.8637600179446612	0.40200816707271514	4.996422518247586e-10	1.772398048696575e-05	full	2	WT_1:46/309__WT_2:988/1180__KD_1:295/343__KD_2:235/725	-0.39492338399999993	0.3353421965430721
134	6	52995683	ENST00000636484	+	ATCTG	0.9823085794355126	0.8787728304934296	0.28078510191423084	0.02295174131050498	0.29170558392588586	0.48489519420081034	0.29300221455987774	2.2773372028156206e-06	full	2	WT_1:65/292__WT_2:409/1747__KD_1:119/518__KD_2:151/806	0.0966335115000001	0.12965863473700068
135	6	52995684	ENST00000636484	+	TCTGG	0.9823085794355126	0.8787728304934296	0.20738143739310183	0.025167756038028122	0.5993554993946243	0.5200113005900865	0.018820273348835924	2.0044651251233823e-06	full	2	WT_1:17/337__WT_2:122/2066__KD_1:42/602__KD_2:69/907	-0.27543856200000016	-0.24188081453192042
136	6	52995685	ENST00000636484	+	CTGGC	0.9823085794355126	0.8787728304934296	0.24052222524995853	0.2454769152215765	0.8637600179446612	0.2290883162436651	2.4098215815201543e-09	0.00030181922844082804	full	2	WT_1:299/44__WT_2:1712/321__KD_1:512/73__KD_2:727/188	0.14190257649999993	0.14972904298027817
137	6	52995686	ENST00000636484	+	TGGCT	0.9961696372443704	0.8787728304934296	0.9632956248766631	0.33512957766046647	0.9662289543183413	0.33225738541833294	0.00018094239326851906	0.0003014731199368408	full	2	WT_1:152/194__WT_2:920/1128__KD_1:252/338__KD_2:423/487	-0.0064982975	-0.00904172400624315
138	6	52995687	ENST00000636484	+	GGCTG	0.9823085794355126	0.8787728304934296	0.6496839224157668	0.3882786408940895	0.031457908255080144	0.4047407430355675	0.9343976619983344	2.1463252535176893e-06	full	2	WT_1:250/105__WT_2:1523/639__KD_1:450/184__KD_2:688/269	-0.04914571050000005	-0.052200820915869056
139	6	52995688	ENST00000636484	+	GCTGG	0.9823085794355126	0.8787728304934296	0.8136601782774675	0.40831893396596236	0.9999443603933589	0.42578833941858474	0.286478804592177	0.00010387255614398595	full	2	WT_1:360/4__WT_2:2152/55__KD_1:636/13__KD_2:965/21	0.16443607300000007	-0.08877209081739752
140	6	52995689	ENST00000636484	+	CTGGC	0.9908435324806415	0.8787728304934296	0.3172350469386524	0.10482029611249734	0.9999443603933589	0.22522951273610584	1.1690030375216632e-11	4.482576560007905e-06	full	2	WT_1:310/31__WT_2:1818/264__KD_1:547/61__KD_2:829/103	-0.02790317100000017	-0.14866881425865608
141	6	52995690	ENST00000636484	+	TGGCT	0.9823085794355126	0.8787728304934296	0.28980502084685966	0.06049623548920762	0.9999443603933589	0.157982462739133	0.04085514242918688	7.689278513992345e-08	full	2	WT_1:280/69__WT_2:1661/423__KD_1:500/109__KD_2:764/173	-0.12052166149999999	-0.1264160287098038
142	6	52995691	ENST00000636484	+	GGCTA	0.9823085794355126	0.8787728304934296	0.004648768320097303	0.054271546739870245	0.09085694203945499	0.14112171906953486	3.230119124243952e-10	5.884535745208095e-08	full	2	WT_1:109/239__WT_2:635/1467__KD_1:158/460__KD_2:235/712	0.27676362599999993	0.2618604349406598
143	6	52995692	ENST00000636484	+	GCTAG	0.9823085794355126	0.8787728304934296	0.0906086888153671	0.06806430034077442	0.00478565418950837	0.14112171906953486	2.156447115633486e-08	2.9060060400622117e-06	full	2	WT_1:244/117__WT_2:1797/382__KD_1:532/104__KD_2:717/264	-0.17216600250000003	0.18697471404659669
144	6	52995693	ENST00000636484	+	CTAGG	0.9823085794355126	0.8787728304934296	0.42927936238839115	0.07959342885835931	0.6777849052789676	0.13563262326598452	0.10907987041458271	4.324577040175568e-06	full	2	WT_1:323/18__WT_2:1867/245__KD_1:567/51__KD_2:851/98	0.16012612149999983	-0.13090814661463715
145	6	52995694	ENST00000636484	+	TAGGC	0.9823085794355126	0.8787728304934296	0.9632956248766631	0.27332102352734694	0.9999443603933589	0.20765991830170583	0.00032816145526444614	0.0005989839663250761	full	2	WT_1:237/109__WT_2:1688/341__KD_1:499/108__KD_2:723/174	-0.28719707299999997	-0.011881985188539355
146	6	52995695	ENST00000636484	+	AGGCG	0.9823085794355126	0.8787728304934296	0.569332125382718	0.29519536252844963	0.8349227738909925	0.5888515483847169	0.21718542720823739	0.0008773246186757526	full	2	WT_1:272/83__WT_2:1528/656__KD_1:435/206__KD_2:692/287	0.20017360699999986	0.0637812441076599
147	6	52995696	ENST00000636484	+	GGCGG	0.9823085794355126	0.8787728304934296	0.6507220640672423	0.3760019711628189	0.7126833547096123	0.5259240771724588	0.3049247974012966	0.0012566719924740168	full	2	WT_1:272/83__WT_2:1582/614__KD_1:466/178__KD_2:704/285	0.13148017200000006	0.05169206090770015
148	6	52995697	ENST00000636484	+	GCGGG	0.9823085794355126	0.8787728304934296	0.11076322352090569	0.25402586596377824	0.5587506229139781	0.4932516116485289	1.0420330382959536e-07	0.007546869913142445	full	2	WT_1:226/136__WT_2:1418/796__KD_1:456/189__KD_2:645/347	-0.20721712650000013	-0.151793432851865
149	6	52995698	ENST00000636484	+	CGGGT	0.9823085794355126	0.8787728304934296	0.9848257126403814	0.1467720667900607	0.4119932001520655	0.3764766604644366	0.4250139217312256	0.0010270004963240827	full	2	WT_1:28/326__WT_2:249/1884__KD_1:79/544__KD_2:95/854	-0.16868704300000026	0.005147933575160067
150	6	52995699	ENST00000636484	+	GGGTG	0.9823085794355126	0.8787728304934296	0.2423471171825953	0.08994416942778	0.7465998278481331	0.38391130371190635	0.43599202484246746	0.00011557632650850234	full	2	WT_1:20/320__WT_2:134/1834__KD_1:37/520__KD_2:79/797	-0.2090989109999999	-0.21042410535390618
151	6	52995700	ENST00000636484	+	GGTGT	0.9823085794355126	0.8787728304934296	0.08751367433289553	0.05752139803665657	0.3625193597803136	0.43984209724848367	7.122900394148961e-05	5.338472397798224e-07	full	2	WT_1:183/180__WT_2:1729/421__KD_1:515/109__KD_2:641/325	-0.39800361149999985	0.1779308280264395
152	6	52995701	ENST00000636484	+	GTGTC	0.9838935591406793	0.8787728304934296	0.13125416861789058	0.042634983412293354	0.7557076026408537	0.49509948392609515	3.7468255382088484e-05	3.986179445990917e-08	full	2	WT_1:106/257__WT_2:779/1426__KD_1:212/436__KD_2:300/691	0.03347513600000007	0.1457153426900474
153	6	52995702	ENST00000636484	+	TGTCC	0.9964920755652311	0.8787728304934296	0.012030668333757193	0.055618907168241354	0.8358883483709184	0.4987820769869613	7.347747627042265e-18	2.9947472456542634e-08	full	2	WT_1:25/334__WT_2:327/1884__KD_1:80/571__KD_2:88/901	-0.017017749000000304	0.3268138355402558
154	6	52995703	ENST00000636484	+	GTCCC	0.9823085794355126	0.8787728304934296	0.24091553693416815	0.08994416942778	0.6315217810386041	0.5200113005900865	7.2335411847987925e-06	1.97239464537859e-07	full	2	WT_1:91/272__WT_2:553/1662__KD_1:194/456__KD_2:253/736	-0.13497977650000004	-0.11917909898517712
155	6	52995704	ENST00000636484	+	TCCCC	0.9823085794355126	0.8787728304934296	0.8547156327597114	0.1176946929482556	0.8198271261490279	0.49790032442650806	0.1293742102688855	5.813443613308885e-08	full	2	WT_1:219/145__WT_2:1068/1156__KD_1:263/388__KD_2:546/447	0.2594443895	0.020783449314002733
156	6	52995705	ENST00000636484	+	CCCCT	0.9823085794355126	0.8787728304934296	0.6367611468736241	0.30120681027948126	0.48011247306609156	0.5200113005900865	0.18539569916728307	2.8452377549712073e-05	full	2	WT_1:263/102__WT_2:1439/787__KD_1:382/273__KD_2:723/275	0.1224115039999999	-0.051481522636248805
157	6	52995706	ENST00000636484	+	CCCTT	0.9823085794355126	0.8787728304934296	0.28078510191423084	0.3072712535767501	0.5444131385485154	0.5492726492703666	2.0248459037787188e-07	8.98297998562035e-06	full	2	WT_1:253/110__WT_2:1037/1187__KD_1:289/365__KD_2:493/502	0.47181784649999997	0.09765151225215236
158	6	52995707	ENST00000636484	+	CCTTC	0.9964920755652311	0.8787728304934296	0.42998969712667034	0.15112772685294934	0.9999443603933589	0.5710391426644722	3.780660219205443e-06	8.758101004536262e-06	full	2	WT_1:192/171__WT_2:1237/984__KD_1:374/280__KD_2:506/487	0.008519784500000016	0.07544078123312443
159	6	52995708	ENST00000636484	+	CTTCC	0.9823085794355126	0.8787728304934296	0.26213919443953276	0.1097100542938995	0.7914546227025967	0.5422092616706208	5.2709607789396495e-08	2.4080883265348633e-06	full	2	WT_1:107/256__WT_2:644/1578__KD_1:211/443__KD_2:305/687	-0.10639976550000008	-0.10924883493114254
160	6	52995709	ENST00000636484	+	TTCCT	0.9823085794355126	0.8787728304934296	0.08002498633608918	0.1484592391484458	0.9334453161507155	0.6186565851737943	0.11237567282485594	6.35861464608222e-05	full	2	WT_1:244/119__WT_2:1451/775__KD_1:427/227__KD_2:590/404	0.1663023130000001	0.16249829511338396
161	6	52995710	ENST00000636484	+	TCCTC	0.9823085794355126	0.8787728304934296	0.20738143739310183	0.10286802255380244	0.3559575710781406	0.5066788721976243	0.0008566220727823102	0.0004343007688291017	full	2	WT_1:119/246__WT_2:695/1532__KD_1:205/450__KD_2:358/637	-0.07646087349999997	-0.1235763985071428
162	6	52995711	ENST00000636484	+	CCTCC	0.9823085794355126	0.8787728304934296	0.8547156327597114	0.09920581293943989	0.8839392237010323	0.33379141631586384	0.21180931981205087	0.01713652503152873	full	2	WT_1:230/135__WT_2:1102/1127__KD_1:326/329__KD_2:532/467	0.19321488400000003	-0.020972045365825073
163	6	52995712	ENST00000636484	+	CTCCC	0.9964920755652311	0.8787728304934296	0.11365655886721504	0.08461736885393338	0.4914115399854298	0.17917773340205573	0.01302261903319361	0.020346391544887175	full	2	WT_1:182/181__WT_2:975/1254__KD_1:247/407__KD_2:550/452	0.028023472500000007	-0.14034329967748224
164	6	52995713	ENST00000636484	+	TCCCT	0.9838935591406793	0.8787728304934296	0.24052222524995853	0.0745960218595364	0.17877053725107592	0.1868370137226311	0.23428256689821214	0.061208762309965366	full	2	WT_1:149/215__WT_2:1125/1105__KD_1:335/319__KD_2:434/567	-0.0643681315	0.1060116205320499
165	6	52995714	ENST00000636484	+	CCCTC	0.9823085794355126	0.8787728304934296	0.036953191338427685	0.06806430034077442	0.05577206294835037	0.157982462739133	0.21528984746348556	0.04852313243058962	full	2	WT_1:100/264__WT_2:711/1519__KD_1:197/457__KD_2:389/613	-0.21527333449999997	-0.18578972235862068
166	6	52995715	ENST00000636484	+	CCTCA	0.9823085794355126	0.8787728304934296	0.11236638330075284	0.07651646195724723	0.39774801860799763	0.14112171906953486	0.07719920467655281	0.07665513107689091	full	2	WT_1:131/230__WT_2:820/1408__KD_1:268/384__KD_2:395/604	-0.15869099399999997	-0.14486436180618517
167	6	52995716	ENST00000636484	+	CTCAC	0.9823085794355126	0.8787728304934296	0.6440447837923848	0.054271546739870245	0.5164259691335309	0.15541233697746373	0.08569492560768736	0.10204159809419674	full	2	WT_1:184/176__WT_2:1165/1062__KD_1:364/287__KD_2:516/483	-0.08310237949999999	-0.04756926256951937
168	6	52995717	ENST00000636484	+	TCACC	0.9823085794355126	0.8787728304934296	0.17956158701031316	0.1176946929482556	0.2908254231745378	0.26362990035247186	0.08727500368979066	0.0827950147767063	full	2	WT_1:151/210__WT_2:817/1411__KD_1:232/418__KD_2:336/665	0.19708075600000008	0.12938212508866942
169	6	52995718	ENST00000636484	+	CACCG	0.9823085794355126	0.8787728304934296	0.05555371701220063	0.04968624979717852	0.2908254231745378	0.04068855370886412	0.697545693417612	0.0003045875607767856	full	2	WT_1:160/200__WT_2:1079/1144__KD_1:336/315__KD_2:523/474	-0.221430868	-0.16618207722334416
170	6	52995719	ENST00000636484	+	ACCGC	0.9823085794355126	0.8787728304934296	0.8998197107939461	0.0015739856169033816	0.7557076026408537	0.02100636259775905	0.10132097852457514	5.091319211705424e-07	full	2	WT_1:102/258__WT_2:1005/1210__KD_1:297/353__KD_2:401/588	-0.276692972	0.016329223475903768
171	6	52995720	ENST00000636484	+	CCGCT	0.9823085794355126	0.8787728304934296	0.0013215013020147024	0.0008574039507809345	8.516633200782892e-05	0.007643836326968467	4.4157560036575385e-12	5.3230085405494e-07	full	2	WT_1:286/73__WT_2:1777/424__KD_1:550/89__KD_2:832/147	-0.3765870685000001	-0.34214914095282606
172	6	52995721	ENST00000636484	+	CGCTC	0.9823085794355126	0.8787728304934296	3.2814884511563678e-06	0.0003425815949387086	0.09587044359080722	0.00409461498689829	1.0491106573525137e-13	5.049423701912144e-09	full	2	WT_1:275/74__WT_2:1484/706__KD_1:475/159__KD_2:758/207	-0.1698278000000002	-0.40016041821825077
173	6	52995722	ENST00000636484	+	GCTCC	0.9823085794355126	0.8787728304934296	0.012214798210232239	0.00032576721969512985	0.014691781368791514	0.0035736687484596214	0.1122508183250302	1.3305608052779587e-09	full	2	WT_1:180/164__WT_2:1069/1062__KD_1:305/321__KD_2:410/545	0.2170536555	0.20993019540533292
174	6	52995723	ENST00000636484	+	CTCCA	0.9823085794355126	0.8787728304934296	0.0030123950339132457	0.0011085128665458304	0.031457908255080144	0.03848935577160421	1.4974833239823523e-09	1.812443874604944e-07	full	2	WT_1:177/166__WT_2:973/1135__KD_1:272/347__KD_2:562/394	-0.10086536799999998	-0.24135289573010796
175	6	52995724	ENST00000636484	+	TCCAT	0.9823085794355126	0.8787728304934296	0.6097170204533512	0.029876712217234883	0.3722745275865702	0.06509107107834679	0.0005269608934744593	2.09549265002352e-08	full	2	WT_1:167/190__WT_2:1204/998__KD_1:355/288__KD_2:540/448	-0.16786490799999998	-0.05219560919054374
176	6	52995725	ENST00000636484	+	CCATG	0.9823085794355126	0.8787728304934296	0.10888045494962234	0.06806430034077442	0.3479856046848605	0.14801700154256758	0.0050969595220634895	2.9001103535305294e-08	full	2	WT_1:174/187__WT_2:1077/1119__KD_1:313/335__KD_2:431/565	0.114004731	0.1471288772645992
177	6	52995726	ENST00000636484	+	CATGT	0.9823085794355126	0.8787728304934296	0.6420935189572253	0.23079167690761593	0.3435230005916143	0.24164990120650884	7.347747627042265e-18	2.256085024476608e-06	full	2	WT_1:225/129__WT_2:1998/192__KD_1:600/49__KD_2:807/169	-0.5773114275	0.0716573029245835
178	6	52995727	ENST00000636484	+	ATGTG	0.9823085794355126	0.8787728304934296	0.38671242903520997	0.1761299873310647	0.5164259691335309	0.22522951273610584	0.39402226340606555	1.1728081791435233e-05	full	2	WT_1:84/272__WT_2:449/1745__KD_1:139/513__KD_2:173/797	0.1504892240000002	0.10287593127018721
179	6	52995728	ENST00000636484	+	TGTGC	0.9823085794355126	0.8787728304934296	0.5058149173644971	0.3009751440442439	0.4119932001520655	0.22522951273610584	0.2323042200628467	9.778053241243667e-06	full	2	WT_1:60/298__WT_2:524/1662__KD_1:195/448__KD_2:200/780	-0.27818572750000015	-0.07705608065293586
180	6	52995729	ENST00000636484	+	GTGCG	0.9823085794355126	0.8787728304934296	0.233335024701718	0.2732518000490371	0.2897221940530964	0.27008268652541917	0.5270285049558188	1.554220747645036e-05	full	2	WT_1:77/283__WT_2:744/1456__KD_1:197/444__KD_2:285/709	-0.12196779449999995	0.12107279626307892
181	6	52995730	ENST00000636484	+	TGCGT	0.9823085794355126	0.8787728304934296	0.6097170204533512	0.055618907168241354	0.3559575710781406	0.27008268652541917	0.0022561411096004525	8.64587123547942e-09	full	2	WT_1:182/178__WT_2:1448/751__KD_1:446/194__KD_2:617/380	-0.3176275765	-0.05365661263052631
182	6	52995731	ENST00000636484	+	GCGTC	0.9823085794355126	0.8787728304934296	0.47525685230126996	0.06108699458496321	0.6744808131544765	0.34760269805746885	5.816308395193844e-17	1.1168022609701606e-08	full	2	WT_1:178/184__WT_2:1347/858__KD_1:420/225__KD_2:585/414	-0.2747503765	-0.07172041746233793
183	6	52995732	ENST00000636484	+	CGTCC	0.9955520244594518	0.8787728304934296	0.00027554691323805613	0.06806430034077442	0.5164259691335309	0.49790032442650806	2.906347663767871e-15	2.259631158070516e-09	full	2	WT_1:327/36__WT_2:1703/516__KD_1:508/142__KD_2:874/119	0.05922549949999989	-0.3627402678456075
184	6	52995733	ENST00000636484	+	GTCCC	0.9823085794355126	0.8787728304934296	0.8440856360794188	0.06806430034077442	0.974336609732727	0.5124120090902968	0.6186108562628131	2.3761293550765125e-10	full	2	WT_1:148/214__WT_2:1086/1125__KD_1:326/319__KD_2:465/520	-0.1560082055	-0.022758143859945804
185	6	52995734	ENST00000636484	+	TCCCT	0.9823085794355126	0.8787728304934296	0.3045991635349809	0.04968624979717852	0.8434262905933824	0.5199411139319129	0.0008566220727823102	1.3603614759902203e-06	full	2	WT_1:260/101__WT_2:1758/462__KD_1:507/144__KD_2:813/184	-0.23051548050000004	-0.11478318694217689
186	6	52995735	ENST00000636484	+	CCCTC	0.9823085794355126	0.8787728304934296	0.6096141306933421	0.2528918189429059	0.409966171012548	0.6158942892919217	2.0947515634956957e-07	0.0009813898132827814	full	2	WT_1:286/76__WT_2:1434/791__KD_1:407/247__KD_2:667/325	0.3474031550000001	0.05527885770416655
187	6	52995736	ENST00000636484	+	CCTCC	0.9968079488447373	0.8787728304934296	0.11076322352090569	0.16515071702038106	0.7126833547096123	0.6181068178629515	0.4677900075412827	0.00034126947758242055	full	2	WT_1:110/253__WT_2:466/1764__KD_1:165/488__KD_2:251/744	0.0034745270000000605	-0.1679006530399127
188	6	52995737	ENST00000636484	+	CTCCC	0.9823085794355126	0.8787728304934296	0.5799664551230675	0.22057779607898695	0.974336609732727	0.5710391426644722	0.0070319906411370255	0.001334530045850166	full	2	WT_1:205/156__WT_2:1505/709__KD_1:410/237__KD_2:654/334	-0.09662472199999994	0.05935727856603104
189	6	52995738	ENST00000636484	+	TCCCG	0.9823085794355126	0.8787728304934296	0.20738143739310183	0.2100845421768163	0.9961994800801143	0.37469074953430437	0.008514418831211764	0.00018831385643607693	full	2	WT_1:349/4__WT_2:2145/8__KD_1:630/0__KD_2:952/1	-1.445570999000001	-1.416835228596978
190	6	52995739	ENST00000636484	+	CCCGA	0.9823085794355126	0.8787728304934296	0.8776094375547381	0.4070052404757921	0.6997469265859729	0.42578833941858474	0.22303391690670848	0.00011534471824087899	full	2	WT_1:18/337__WT_2:59/2094__KD_1:25/607__KD_2:21/940	0.2382039220000003	0.05481103604314516
191	6	52995740	ENST00000636484	+	CCGAA	0.9838935591406793	0.8787728304934296	0.4988465038307998	0.2994522899898378	0.06127281319336719	0.34147837474218784	4.473982461815045e-11	9.01894909168033e-05	full	2	WT_1:51/298__WT_2:396/1671__KD_1:112/484__KD_2:152/790	-0.043709124999999904	0.08997604228925588
192	6	52995741	ENST00000636484	+	CGAAG	0.9823085794355126	0.8787728304934296	0.9876423926310326	0.3373098688085205	0.974336609732727	0.27091398978783837	0.07480144491896755	7.484941740647818e-05	full	2	WT_1:108/220__WT_2:802/1199__KD_1:220/355__KD_2:355/544	-0.10295692400000006	0.0024178492930729484
193	6	52995742	ENST00000636484	+	GAAGC	0.9823085794355126	0.8787728304934296	0.20738143739310183	0.3380594470532946	0.5255685355355546	0.3097067739252923	0.0025885179648933478	5.8447655421503195e-05	full	2	WT_1:122/186__WT_2:727/1286__KD_1:184/395__KD_2:311/584	0.20048731249999996	0.13115657796142394
194	6	52995743	ENST00000636484	+	AAGCT	0.9823085794355126	0.8787728304934296	0.290898899435597	0.4203642093231941	0.5255685355355546	0.5690334854585325	0.004219593183472874	0.0011489375664549353	full	2	WT_1:126/222__WT_2:747/1436__KD_1:213/425__KD_2:307/670	0.12561904600000007	0.10278251121968314
195	6	52995744	ENST00000636484	+	AGCTG	0.9823085794355126	0.8787728304934296	0.906265151014714	0.3609274372108351	0.9208815890983835	0.43984209724848367	0.08569492560768736	2.0451482603192093e-06	full	2	WT_1:305/51__WT_2:1700/516__KD_1:502/152__KD_2:788/206	0.2175351619999999	-0.018073452557635147
196	6	52995745	ENST00000636484	+	GCTGC	0.9823085794355126	0.8787728304934296	0.9959659070712853	0.38727073819025964	0.7691827467789195	0.5183497628667362	1.571563474690874e-05	2.965169882445146e-06	full	2	WT_1:24/327__WT_2:69/2137__KD_1:18/629__KD_2:41/941	0.3091739310000001	-0.0015292281732693811
197	6	52995746	ENST00000636484	+	CTGCG	0.9823085794355126	0.8787728304934296	0.6097170204533512	0.16945875375074385	0.35195497879889626	0.22522951273610584	1.3513795348319374e-13	2.9225749019576416e-06	full	2	WT_1:111/252__WT_2:451/1722__KD_1:124/518__KD_2:253/728	0.16244946849999997	-0.06144229913508276
198	6	52995747	ENST00000636484	+	TGCGC	0.9823085794355126	0.8787728304934296	0.24052222524995853	0.08899528514304834	0.9208815890983835	0.17184775029226043	0.016859751418025783	1.3603614759902203e-06	full	2	WT_1:269/96__WT_2:1227/897__KD_1:336/301__KD_2:580/379	0.4012238015	0.11193601165610251
199	6	52995748	ENST00000636484	+	GCGCG	0.9823085794355126	0.8787728304934296	0.012214798210232239	0.07866098043466084	0.014691781368791514	0.1894858472994817	0.003768208844081066	1.0673332791935681e-05	full	2	WT_1:236/119__WT_2:1224/899__KD_1:394/241__KD_2:622/330	-0.06675321199999995	-0.21517402614078496
200	6	52995749	ENST00000636484	+	CGCGC	0.9823085794355126	0.8787728304934296	0.11076322352090569	0.08358512273138588	0.2897221940530964	0.22522951273610584	0.002242184584037008	0.002479338131224827	full	2	WT_1:175/185__WT_2:989/1152__KD_1:286/354__KD_2:396/555	0.17089366599999997	0.148494865251733
201	6	52995750	ENST00000636484	+	GCGCT	0.9823085794355126	0.8787728304934296	0.5893139578697537	0.11792039675446557	0.9999443603933589	0.22522951273610584	0.13953360143599028	0.006592547585982979	full	2	WT_1:72/280__WT_2:435/1691__KD_1:119/523__KD_2:189/763	0.0808120670000001	0.07040584311428466
202	6	52995751	ENST00000636484	+	CGCTC	0.9823085794355126	0.8787728304934296	0.7861156432747906	0.2548868820830875	0.8204562311779169	0.27035763019210857	0.0012328691863626418	5.430854770242634e-05	full	2	WT_1:64/283__WT_2:544/1608__KD_1:179/463__KD_2:198/753	-0.13907703799999993	0.035678415466016064
203	6	52995752	ENST00000636484	+	GCTCG	0.9863556423621636	0.8787728304934296	0.9057807385457999	0.4563651627327011	0.9208815890983835	0.33225738541833294	0.8548504954774762	7.142959287865382e-12	full	2	WT_1:123/221__WT_2:731/1340__KD_1:178/443__KD_2:368/539	0.050712533999999976	-0.01646054373768662
204	6	52995753	ENST00000636484	+	CTCGG	0.9823085794355126	0.8787728304934296	0.24052222524995853	0.19039920314751999	0.04366295924209384	0.27008268652541917	5.207854489835583e-12	4.244367986813646e-12	full	2	WT_1:119/240__WT_2:301/1875__KD_1:66/580__KD_2:172/815	0.5937027970000002	0.15025277209500315
205	6	52995754	ENST00000636484	+	TCGGT	0.9847933280651737	0.8787728304934296	0.7423638629584418	0.055618907168241354	0.5255685355355546	0.27008268652541917	1.3282167748667326e-33	5.711476667939956e-12	full	2	WT_1:16/346__WT_2:75/2115__KD_1:21/629__KD_2:43/953	0.04424525750000008	-0.09425093970999077
206	6	52995755	ENST00000636484	+	CGGTC	0.9823085794355126	0.8787728304934296	0.020624424498919408	0.055618907168241354	0.5582196390083471	0.13563262326598452	0.0071273888793753435	5.165084325972645e-12	full	2	WT_1:29/280__WT_2:168/1848__KD_1:40/550__KD_2:46/849	0.43179634300000025	0.4031787627498271
207	6	52995756	ENST00000636484	+	GGTCG	0.9823085794355126	0.8787728304934296	0.004674242412768077	0.04968624979717852	0.7754628001417807	0.20765991830170583	0.0059653234294375175	2.7430910679314912e-12	full	2	WT_1:276/52__WT_2:1082/975__KD_1:276/334__KD_2:692/242	0.449948862	-0.2392883772466309
208	6	52995757	ENST00000636484	+	GTCGA	0.9823085794355126	0.8787728304934296	0.8476225377991249	0.04968624979717852	0.031457908255080144	0.23372403999523292	0.4898908346582386	6.363833833579755e-05	full	2	WT_1:5/360__WT_2:30/2190__KD_1:10/643__KD_2:10/993	0.10920038149999911	0.09537635996200966
209	6	52995758	ENST00000636484	+	TCGAA	0.9823085794355126	0.8787728304934296	0.13671553918677695	0.10935805612538392	0.39774801860799763	0.25892907106674934	2.2626137104548239e-13	0.00020615966551271037	full	2	WT_1:276/88__WT_2:1652/554__KD_1:498/148__KD_2:777/214	-0.13399408300000015	-0.1584703409717757
210	6	52995759	ENST00000636484	+	CGAAG	0.9823085794355126	0.8787728304934296	0.7423638629584418	0.30282899042923017	0.9396014186442462	0.258278302012222	0.6900538675203792	0.00045385294829337257	full	2	WT_1:45/320__WT_2:348/1853__KD_1:124/521__KD_2:137/857	-0.178062143	-0.047203784351015944
211	6	52995760	ENST00000636484	+	GAAGA	0.9823085794355126	0.8787728304934296	0.6756511106052561	0.30282899042923017	0.8111110658999976	0.5663064383605297	0.7350469661756931	0.0003605295962072659	full	2	WT_1:48/316__WT_2:282/1889__KD_1:78/561__KD_2:122/868	0.0756230404999998	0.06530699075849308
212	6	52995761	ENST00000636484	+	AAGAG	0.9823085794355126	0.8787728304934296	0.290898899435597	0.5230963918850725	0.7557076026408537	0.7479634717548437	0.16798828609209418	0.35656130511939005	full	2	WT_1:178/182__WT_2:1129/1040__KD_1:355/286__KD_2:526/462	-0.14249325650000003	-0.09626067615960154
213	6	52995762	ENST00000636484	+	AGAGG	0.9823085794355126	0.8787728304934296	0.8440856360794188	0.4837197554899148	0.8358883483709184	0.5445073172960502	0.1879037446551963	0.06492482267705617	full	2	WT_1:97/245__WT_2:684/1436__KD_1:211/414__KD_2:288/687	-0.06110185449999994	0.02438979130308634
214	6	52995763	ENST00000636484	+	GAGGA	0.9823085794355126	0.8787728304934296	0.8352252380621166	0.455527273201518	0.974336609732727	0.3144995955036088	0.6834841420232852	0.008349173778255338	full	2	WT_1:104/238__WT_2:726/1364__KD_1:207/419__KD_2:343/616	-0.08277121650000008	-0.025614744087589233
215	6	52995764	ENST00000636484	+	AGGAC	0.9823085794355126	0.8787728304934296	0.6058356553584537	0.6740225715303066	0.3435230005916143	0.32425418482641627	0.0007744317287333118	7.200722231776544e-05	full	2	WT_1:21/332__WT_2:230/1893__KD_1:73/567__KD_2:77/894	-0.1714786909999999	0.09174835917073153
216	6	52995765	ENST00000636484	+	GGACG	0.9823085794355126	0.8787728304934296	0.5700108605782601	0.3718351870359121	0.09306327753490154	0.34247935211062136	0.0001790383630516419	0.00010474595474481443	full	2	WT_1:354/6__WT_2:1959/146__KD_1:569/51__KD_2:939/36	0.4435601	-0.12557065792846087
217	6	52995766	ENST00000636484	+	GACGA	0.9823085794355126	0.8787728304934296	0.9848257126403814	0.054271546739870245	0.8204562311779169	0.27035763019210857	3.7636109391153904e-10	2.965169882445146e-06	full	2	WT_1:315/44__WT_2:2117/88__KD_1:627/21__KD_2:929/64	-0.4468120745000004	0.010362338981283276
218	6	52995767	ENST00000636484	+	ACGAC	0.9823085794355126	0.8787728304934296	0.1334976896598915	0.0192094753908173	0.9999443603933589	0.18580676689928666	0.7942903224859434	1.5876977524308554e-05	full	2	WT_1:326/17__WT_2:1947/140__KD_1:550/55__KD_2:862/72	0.3845243195000001	0.2652605225185983
219	6	52995768	ENST00000636484	+	CGACC	0.9847933280651737	0.8787728304934296	0.00014586494992574283	0.020267019333687974	0.48887394398763717	0.27035763019210857	2.6461938852503485e-07	0.00011589513645208181	full	2	WT_1:285/59__WT_2:1483/607__KD_1:470/146__KD_2:756/179	-0.07343155950000013	-0.3500504151000406
220	6	52995769	ENST00000636484	+	GACCA	0.9823085794355126	0.8787728304934296	0.010957496498731375	0.0015739856169033816	0.03694258066414203	0.157982462739133	0.6900538675203792	0.0008953827950434501	full	2	WT_1:217/143__WT_2:1242/944__KD_1:319/330__KD_2:529/451	0.28169123999999995	0.21189084152045443
221	6	52995770	ENST00000636484	+	ACCAT	0.9823085794355126	0.8787728304934296	0.8028302989159496	0.0015739856169033816	0.6997469265859729	0.13563262326598452	0.5350303357564256	0.0004256179154311863	full	2	WT_1:339/26__WT_2:2158/74__KD_1:634/22__KD_2:957/46	-0.21990494500000013	0.06948531203720157
222	6	52995771	ENST00000636484	+	CCATC	0.9823085794355126	0.8787728304934296	0.00014586494992574283	0.020109011434415108	0.05161281465932814	0.14801700154256758	2.2248815637902925e-06	0.016458242602395538	full	2	WT_1:147/216__WT_2:803/1415__KD_1:250/403__KD_2:470/520	-0.18591159900000004	-0.29197453862192685
223	6	52995772	ENST00000636484	+	CATCC	0.9823085794355126	0.8787728304934296	0.24052222524995853	0.05876131405235647	0.48887394398763717	0.20765991830170583	0.042008082785080315	0.017526456736551208	full	2	WT_1:82/283__WT_2:246/1988__KD_1:82/575__KD_2:97/899	0.4192808829999999	0.171098388808037
224	6	52995773	ENST00000636484	+	ATCCC	0.9964920755652311	0.8787728304934296	0.46743403662161404	0.06049623548920762	0.8166610590313959	0.20765991830170583	0.9490249740419568	0.003716644759368806	full	2	WT_1:211/154__WT_2:1395/837__KD_1:402/252__KD_2:593/408	-0.00760094750000001	0.07240784071972692
225	6	52995774	ENST00000636484	+	TCCCC	0.9823085794355126	0.8787728304934296	0.7964997862876695	0.42527590833694545	0.23645221471343794	0.27008268652541917	0.9132465711763904	0.00019210055406606495	full	2	WT_1:5/351__WT_2:31/1997__KD_1:7/557__KD_2:13/954	0.1307668350000002	0.12583904700137127
226	6	52995775	ENST00000636484	+	CCCCG	0.9968079488447373	0.8787728304934296	0.9410649305450703	0.3099714641693386	0.688839970679412	0.02100636259775905	0.0009290255468375134	1.4029284602985407e-05	full	2	WT_1:342/1__WT_2:1935/5__KD_1:535/2__KD_2:917/2	0.006048046000000085	0.11319524381563176
227	6	52995776	ENST00000636484	+	CCCGA	0.9823085794355126	0.8787728304934296	0.7423638629584418	0.07959342885835931	0.23327283485374314	0.0024127407322187284	7.728447212000983e-12	2.66237034864981e-06	full	2	WT_1:223/130__WT_2:1836/189__KD_1:565/36__KD_2:796/163	-0.7516753375	-0.05625185417157236
228	6	52995777	ENST00000636484	+	CCGAT	0.9823085794355126	0.8787728304934296	0.08318114297409826	0.08358512273138588	1.1916073031408514e-05	0.000976907465907519	7.408205083781367e-07	2.1463252535176893e-06	full	2	WT_1:267/95__WT_2:1316/863__KD_1:406/233__KD_2:548/444	0.34233074650000006	0.15925344495059982
229	6	52995778	ENST00000636484	+	CGATA	0.9823085794355126	0.8787728304934296	0.001579849986553686	0.04968624979717852	0.0005566110625168924	0.0008013079389440776	0.0010086308762919558	4.462630631604117e-07	full	2	WT_1:129/226__WT_2:1391/825__KD_1:410/244__KD_2:464/531	-0.20912121	0.2486035327872423
230	6	52995779	ENST00000636484	+	GATAG	0.9823085794355126	0.8787728304934296	0.9684335161605266	0.01691688567312761	0.0076096546436847014	0.0008013079389440776	0.3507897911770439	4.340937396444511e-05	full	2	WT_1:258/91__WT_2:2081/130__KD_1:611/47__KD_2:895/97	-0.47878889749999987	0.014086370273542499
231	6	52995780	ENST00000636484	+	ATAGA	0.9823085794355126	0.8787728304934296	0.10888045494962234	0.020109011434415108	0.014691781368791514	0.006943464097331359	8.611835610620525e-07	0.0007823185163332086	full	2	WT_1:188/154__WT_2:1165/1035__KD_1:348/287__KD_2:566/405	-0.10479187200000001	-0.14878419871897358
232	6	52995781	ENST00000636484	+	TAGAG	0.9838935591406793	0.8787728304934296	0.013268029091771957	0.0875232613071222	0.9506013546381683	0.08860440051967418	0.003411596102908432	0.004163192822953945	full	2	WT_1:295/54__WT_2:1546/640__KD_1:474/163__KD_2:765/205	0.09365764299999979	-0.23737464330808936
233	6	52995782	ENST00000636484	+	AGAGG	0.9968079488447373	0.8787728304934296	0.1349403428818247	0.07651646195724723	0.3435230005916143	0.21805942306576984	0.16332182966962797	0.003441739664006431	full	2	WT_1:130/220__WT_2:933/1233__KD_1:299/333__KD_2:325/647	-0.0035766555000000255	0.13853782163708767
234	6	52995783	ENST00000636484	+	GAGGA	0.9823085794355126	0.8787728304934296	0.9848257126403814	0.07785262724829764	0.8358883483709184	0.568344256053267	0.7440241090741494	0.03594073631062479	full	2	WT_1:113/235__WT_2:806/1339__KD_1:213/424__KD_2:373/577	-0.05665167850000008	-0.0029084193999307367
235	6	52995784	ENST00000636484	+	AGGAG	0.9823085794355126	0.8787728304934296	0.5058149173644971	0.218043469388409	0.6733847354530711	0.5621960807841185	0.16497806315630795	0.1259832836098035	full	2	WT_1:150/205__WT_2:805/1371__KD_1:237/403__KD_2:347/629	0.14006207300000006	0.06808894797614455
236	6	52995785	ENST00000636484	+	GGAGG	0.9823085794355126	0.8787728304934296	0.11089571981576218	0.39400486283057695	0.9999443603933589	0.7344252248254156	0.018820273348835924	0.1924116372202361	full	2	WT_1:244/113__WT_2:1459/719__KD_1:440/199__KD_2:588/385	0.1293419710000001	0.1509691766202247
237	6	52995786	ENST00000636484	+	GAGGA	0.9955520244594518	0.8787728304934296	0.7701214298615104	0.2416326750825755	0.9087937639389172	0.5200113005900865	0.4715753956246365	0.02093107422544618	full	2	WT_1:134/224__WT_2:855/1330__KD_1:269/374__KD_2:348/628	-0.017338832500000012	0.03273644901954585
238	6	52995787	ENST00000636484	+	AGGAC	0.9823085794355126	0.8787728304934296	0.9848257126403814	0.1365584872964604	0.8204562311779169	0.395840021927976	0.8189020130353644	0.027583049695118187	full	2	WT_1:233/125__WT_2:1480/732__KD_1:453/196__KD_2:638/352	-0.052981772999999954	0.004313284874444253
239	6	52995788	ENST00000636484	+	GGACC	0.9823085794355126	0.8787728304934296	0.20738143739310183	0.20417247387282278	0.25955596304127515	0.37469074953430437	0.00010519847662333306	0.022623516969531687	full	2	WT_1:258/102__WT_2:1311/915__KD_1:414/231__KD_2:626/366	0.08213241800000004	-0.12111061343244951
240	6	52995789	ENST00000636484	+	GACCG	0.9823085794355126	0.8787728304934296	0.07582592664912811	0.20417247387282278	0.23645221471343794	0.21824139185616093	0.4600081734649494	7.373401891371525e-05	full	2	WT_1:241/113__WT_2:1358/802__KD_1:379/261__KD_2:581/387	0.25079856049999993	0.1652008512875415
241	6	52995790	ENST00000636484	+	ACCGG	0.993534066723282	0.8787728304934296	0.42927936238839115	0.08259702749442661	0.9053104836551996	0.023004043111148793	0.008656288445878948	6.512323909200344e-07	full	2	WT_1:347/8__WT_2:2168/27__KD_1:640/10__KD_2:969/20	0.05344354250000016	0.2969044258708573
242	6	52995791	ENST00000636484	+	CCGGT	0.9823085794355126	0.8787728304934296	0.7489553440838016	0.11792039675446557	0.0985397906462712	0.000976907465907519	1.6351566242274477e-11	2.0451482603192093e-06	full	2	WT_1:316/44__WT_2:2057/133__KD_1:608/34__KD_2:903/86	-0.2567510239999997	0.06515001373479533
243	6	52995792	ENST00000636484	+	CGGTC	0.9823085794355126	0.8787728304934296	0.0340314959516721	0.19469355220638898	0.00013188693398249532	0.000976907465907519	1.4974833239823523e-09	2.611825832890137e-07	full	2	WT_1:306/51__WT_2:1745/439__KD_1:533/116__KD_2:830/140	-0.06908988500000035	-0.23897467501204933
244	6	52995793	ENST00000636484	+	GGTCT	0.9823085794355126	0.8787728304934296	0.8034945428444671	0.07959342885835931	4.002592681649449e-06	0.0008013079389440776	0.011988800350456026	5.493551810894431e-07	full	2	WT_1:252/97__WT_2:1427/755__KD_1:382/254__KD_2:675/298	0.18094491499999998	0.029011914009716658
245	6	52995794	ENST00000636484	+	GTCTT	0.9823085794355126	0.8787728304934296	0.35726420971122475	0.07785262724829764	0.1778089491152695	0.0009046356203249512	8.82039648771802e-05	8.675268547787199e-05	full	2	WT_1:15/347__WT_2:85/2124__KD_1:31/620__KD_2:47/949	-0.1679686949999999	-0.2082792558609924
246	6	52995795	ENST00000636484	+	TCTTC	0.9823085794355126	0.8787728304934296	0.012214798210232239	0.19039920314751999	0.11707867012290461	0.006821679968068825	0.21180931981205087	0.002479338131224827	full	2	WT_1:151/214__WT_2:832/1399__KD_1:255/402__KD_2:456/546	-0.11621342550000002	-0.20751406457968857
247	6	52995796	ENST00000636484	+	CTTCG	0.9823085794355126	0.8787728304934296	0.6577457038113096	0.16265966328166154	0.3479856046848605	0.11340724744404738	0.04614420465614414	0.004661427209052891	full	2	WT_1:221/145__WT_2:1085/1154__KD_1:352/307__KD_2:463/541	0.1882424065	0.045015001521835116
248	6	52995797	ENST00000636484	+	TTCGG	0.9823085794355126	0.8787728304934296	0.9848257126403814	0.19955234610802022	0.7557076026408537	0.10967955477810502	0.0022376962032842375	0.016458242602395538	full	2	WT_1:228/137__WT_2:928/1311__KD_1:273/385__KD_2:464/541	0.32860347300000003	0.002966525838375659
249	6	52995798	ENST00000636484	+	TCGGT	0.9838935591406793	0.8807183468547256	0.47922077443122374	0.03528942574583858	0.023180763237428098	0.10150584446813793	0.15850724775595568	0.00027894602814752725	full	2	WT_1:318/48__WT_2:2042/197__KD_1:594/63__KD_2:894/110	-0.054846734999999924	0.11470426768367024
250	6	52995799	ENST00000636484	+	CGGTC	0.9964920755652311	0.915834205203099	0.7423638629584418	0.025170522037464907	0.15703601592507527	0.12549768947969092	0.0168340657135666	0.0005257619544156268	full	2	WT_1:348/10__WT_2:2124/49__KD_1:630/14__KD_2:949/28	-0.010870545499999995	0.11486269497186449
251	6	52995800	ENST00000636484	+	GGTCA	0.9898231402541555	0.8798828595987277	2.6442366545589865e-06	0.015946890369761123	0.08914296663760733	0.12549768947969092	7.3941523804559444e-09	2.1637074141160164e-05	full	2	WT_1:261/88__WT_2:1054/1091__KD_1:336/291__KD_2:639/316	0.09967124700000007	-0.36420531002137535
252	6	52995801	ENST00000636484	+	GTCAA	0.9823085794355126	0.8787728304934296	0.24052222524995853	0.003197446436770124	0.8434262905933824	0.20765991830170583	0.6900538675203792	2.5922479118597067e-10	full	2	WT_1:352/7__WT_2:2193/24__KD_1:642/8__KD_2:965/22	0.1275212830000001	0.4277836310638589
253	6	52995802	ENST00000636484	+	TCAAG	0.9823085794355126	0.8787728304934296	0.20738143739310183	0.0015739856169033816	0.7687011878699075	0.33225738541833294	2.4431195933900717e-09	1.1726354182250075e-10	full	2	WT_1:297/30__WT_2:2061/91__KD_1:620/17__KD_2:901/40	-0.6296262035000004	-0.30536549320079936
254	6	52995803	ENST00000636484	+	CAAGG	0.9823085794355126	0.8787728304934296	0.004190455549326523	0.055618907168241354	0.38321564800280644	0.5970238216075867	8.05572233995702e-23	5.908185741719282e-09	full	2	WT_1:204/149__WT_2:1132/1062__KD_1:301/347__KD_2:462/524	0.32179761949999997	0.23037804521514335
255	6	52995804	ENST00000636484	+	AAGGG	0.9823085794355126	0.8787728304934296	0.1334976896598915	0.06049623548920762	0.9999443603933589	0.5013965518061024	0.00023185246039047076	4.20621390022488e-09	full	2	WT_1:111/246__WT_2:702/1485__KD_1:218/425__KD_2:356/634	-0.1490594825	-0.14341757681107709
256	6	52995805	ENST00000636484	+	AGGGT	0.9823085794355126	0.8787728304934296	0.8028079655742859	0.07438890713889029	0.8770868910935803	0.14801700154256758	0.20362762706798038	1.9012740297723384e-07	full	2	WT_1:153/205__WT_2:1043/1152__KD_1:295/347__KD_2:454/527	-0.03979471400000001	0.027956077266589822
257	6	52995806	ENST00000636484	+	GGGTA	0.9898231402541555	0.8787728304934296	0.3409627274037819	0.2947289063497995	0.39824190868124376	0.17917773340205573	0.1601667644703929	2.66237034864981e-06	full	2	WT_1:243/115__WT_2:1662/529__KD_1:465/176__KD_2:718/266	-0.03578454700000011	0.10042772201956036
258	6	52995807	ENST00000636484	+	GGTAT	0.9823085794355126	0.9272510294768553	0.42927936238839115	0.4837197554899148	0.0029621276847169565	0.17184775029226043	0.0365258097907917	1.6630093860424055e-07	full	2	WT_1:172/186__WT_2:1289/915__KD_1:411/237__KD_2:492/498	-0.1360458215	0.07707940893356555
259	6	52995808	ENST00000636484	+	GTATA	0.9898231402541555	0.8798828595987277	0.9848257126403814	0.3283519760410956	0.8130040568726002	0.12549768947969092	1.5058909895905804e-17	4.043863480439403e-08	full	2	WT_1:255/105__WT_2:1535/681__KD_1:466/187__KD_2:680/319	0.014258500499999993	0.005907040105120427
260	6	52995809	ENST00000636484	+	TATAC	0.9898231402541555	0.8798828595987277	0.7423638629584418	0.40831893396596236	0.852043642845067	0.13563262326598452	9.302928924853462e-10	7.609071722688372e-09	full	2	WT_1:127/224__WT_2:853/1358__KD_1:267/384__KD_2:341/634	-0.02378637100000003	0.036254165197179174
261	6	52995810	ENST00000636484	+	ATACG	0.9823085794355126	0.8798828595987277	0.2300513053600548	0.33793957561063925	0.21559102189031268	0.41425623596247974	0.0007451484082116697	2.8646211313413548e-11	full	2	WT_1:149/160__WT_2:1394/707__KD_1:424/204__KD_2:587/298	-0.3989630174999999	-0.12315366382330055
262	6	52995811	ENST00000636484	+	TACGA	0.9955520244594518	0.8798828595987277	0.7423638629584418	0.1072401233975497	0.6287810178575336	0.2661738692508439	0.00012751345183579997	2.039029926762074e-07	full	2	WT_1:190/150__WT_2:1242/906__KD_1:362/273__KD_2:525/405	0.004955725500000008	0.03598482652446038
263	6	52995812	ENST00000636484	+	ACGAG	0.9823085794355126	0.8787728304934296	0.2300513053600548	0.0823473953313502	0.6415521923886046	0.01683310813153798	1.0641615810038371e-12	5.060452568307248e-08	full	2	WT_1:154/205__WT_2:1257/940__KD_1:367/282__KD_2:488/495	-0.12126917899999998	0.11318566881515285
264	6	52995813	ENST00000636484	+	CGAGT	0.9847933280651737	0.8798828595987277	0.012214798210232239	0.06806430034077442	0.17300023154340308	0.007643836326968467	0.7755054664935265	2.2323412733368676e-07	full	2	WT_1:362/3__WT_2:2145/84__KD_1:642/13__KD_2:984/14	-0.1374303474999996	-0.7123845097692283
265	6	52995814	ENST00000636484	+	GAGTA	0.9823085794355126	0.8787728304934296	0.28078510191423084	0.043926866172631245	1.1916073031408514e-05	0.0036307464009438044	2.5321602645203246e-12	5.947187331176588e-12	full	2	WT_1:112/253__WT_2:628/1607__KD_1:153/500__KD_2:281/718	0.1835230725	0.1095714670464195
266	6	52995815	ENST00000636484	+	AGTAG	0.9964920755652311	0.8787728304934296	0.11076322352090569	0.010759056131487412	0.025250196451563307	0.004019582437393146	0.30695398383111827	6.892021595446338e-12	full	2	WT_1:339/27__WT_2:1940/293__KD_1:560/92__KD_2:926/73	0.029555019500000057	-0.23203855928514
267	6	52995816	ENST00000636484	+	GTAGC	0.9823085794355126	0.8787728304934296	0.11089571981576218	0.0015739856169033816	0.04366295924209384	0.004322590524640609	7.261782279606128e-25	2.225295961278096e-14	full	2	WT_1:132/227__WT_2:867/1335__KD_1:220/420__KD_2:357/627	0.11811858600000003	0.1484579447692698
268	6	52995817	ENST00000636484	+	TAGCT	0.9823085794355126	0.8787728304934296	0.0009353047466490659	0.002038372781224765	0.8351322031057901	0.11386492964215356	2.341784637270218e-12	3.2730483829431795e-12	full	2	WT_1:302/62__WT_2:1687/515__KD_1:518/124__KD_2:829/157	-0.16331491249999974	-0.32815417148797976
269	6	52995818	ENST00000636484	+	AGCTG	0.9838935591406793	0.8787728304934296	1.3433665951004013e-05	0.00397330797268136	0.2897221940530964	0.20765991830170583	2.4651881488242876e-13	5.706237497201304e-15	full	2	WT_1:110/243__WT_2:1267/886__KD_1:367/270__KD_2:386/586	-0.15982543050000003	0.32646109045704097
270	6	52995819	ENST00000636484	+	GCTGC	0.9823085794355126	0.8787728304934296	0.6841621097287239	0.00960112882380411	0.4590626459422191	0.44397202065660357	0.17169881065577186	9.969794829754635e-11	full	2	WT_1:317/38__WT_2:2028/161__KD_1:599/43__KD_2:900/74	-0.23628271150000035	-0.08038609995925146
271	6	52995820	ENST00000636484	+	CTGCG	0.9979797116579576	0.8798828595987277	0.4827671857400842	0.015946890369761123	0.6821245671741533	0.4593606883619109	4.855174264799082e-16	5.141966767345231e-09	full	2	WT_1:161/191__WT_2:1067/1136__KD_1:330/319__KD_2:430/561	-0.00045406550000000323	0.06895104760415043
272	6	52995821	ENST00000636484	+	TGCGC	0.9823085794355126	0.8787728304934296	0.8381380521557947	0.15112772685294934	0.9766044482080602	0.5481209475196678	0.004714198597898345	3.641575492191431e-07	full	2	WT_1:150/201__WT_2:1149/1042__KD_1:342/301__KD_2:499/485	-0.174515	-0.023519495674419993
273	6	52995822	ENST00000636484	+	GCGCT	0.9955520244594518	0.8787728304934296	0.008889879377403242	0.10905413324053694	0.8770868910935803	0.5704205830809587	9.544418513552818e-05	1.735052987150425e-07	full	2	WT_1:268/95__WT_2:1399/805__KD_1:429/217__KD_2:717/274	-0.02824082800000005	-0.23055107532670904
274	6	52995823	ENST00000636484	+	CGCTC	0.9823085794355126	0.8787728304934296	0.4646899290600866	0.1262358799420805	0.6182137609226888	0.5732377036653	2.428225765520019e-05	0.0002205806007853981	full	2	WT_1:69/283__WT_2:475/1735__KD_1:131/515__KD_2:191/792	0.04361632800000015	0.08903038514489357
275	6	52995824	ENST00000636484	+	GCTCC	0.9823085794355126	0.8787728304934296	0.21529452300114288	0.08709819503618531	0.5543342671314442	0.34147837474218784	0.007467778296925214	0.0005257619544156268	full	2	WT_1:164/198__WT_2:992/1224__KD_1:276/374__KD_2:412/577	0.12085499300000002	0.11638689288153108
276	6	52995825	ENST00000636484	+	CTCCC	0.9847933280651737	0.8787728304934296	0.8998197107939461	0.21131158031634528	0.7126833547096123	0.36320564129173233	0.013272191185277312	0.0007022068401598957	full	2	WT_1:332/30__WT_2:2044/173__KD_1:592/59__KD_2:932/67	-0.03574713950000019	-0.030088129066941822
277	6	52995826	ENST00000636484	+	TCCCC	0.9964920755652311	0.8787728304934296	0.233335024701718	0.21972303040154742	0.13620599190720845	0.27008268652541917	0.18539569916728307	3.342493973650646e-08	full	2	WT_1:268/96__WT_2:1512/705__KD_1:447/200__KD_2:731/269	-0.008306001000000007	-0.12186753041012356
278	6	52995827	ENST00000636484	+	CCCCT	0.9838935591406793	0.917211605055671	0.2659913986168574	0.11785905722106055	0.9999443603933589	0.22522951273610584	0.00030952069872210457	4.431619744553716e-08	full	2	WT_1:54/307__WT_2:176/2040__KD_1:57/585__KD_2:113/883	0.09666168249999973	-0.16822785075497892
279	6	52995828	ENST00000636484	+	CCCTG	0.9823085794355126	0.8798828595987277	0.5154305597580392	0.11792039675446557	0.23090276888744166	0.25367839486617694	2.662268442335356e-24	3.52038523946494e-08	full	2	WT_1:333/29__WT_2:2165/63__KD_1:635/14__KD_2:939/54	-0.32699854849999976	0.16314239101922148
280	6	52995829	ENST00000636484	+	CCTGC	0.9823085794355126	0.8787728304934296	0.016919403312554475	0.12143848727352605	0.27494419425669897	0.33225738541833294	0.02673323743279859	1.5363160502593e-08	full	2	WT_1:309/34__WT_2:1850/340__KD_1:578/66__KD_2:844/116	-0.13047473999999992	-0.30009897054063134
281	6	52995830	ENST00000636484	+	CTGCT	0.9823085794355126	0.8787728304934296	0.9848257126403814	0.1357846881555795	0.9999443603933589	0.30162493165486626	0.005005583243914173	1.318637915440868e-10	full	2	WT_1:231/102__WT_2:1295/856__KD_1:391/242__KD_2:579/370	0.15029095199999998	0.005207697980077147
282	6	52995831	ENST00000636484	+	TGCTA	0.9823085794355126	0.8787728304934296	0.24052222524995853	0.08709819503618531	0.39774801860799763	0.19817237524206574	0.005956784425020627	1.695533180434945e-10	full	2	WT_1:237/107__WT_2:1452/689__KD_1:418/207__KD_2:701/262	-0.07363934949999984	-0.11672214045813177
283	6	52995832	ENST00000636484	+	GCTAG	0.9823085794355126	0.8787728304934296	0.37824112864805204	0.08994416942778	0.7918585778532383	0.27008268652541917	2.7419981030787654e-13	7.533480311276043e-11	full	2	WT_1:6/337__WT_2:61/2097__KD_1:13/612__KD_2:19/953	0.12274892699999995	0.2815779847436745
284	6	52995833	ENST00000636484	+	CTAGA	0.9823085794355126	0.8787728304934296	0.11089571981576218	0.05413298557975332	0.023180763237428098	0.25367839486617694	1.256414135392161e-23	7.64916320346924e-11	full	2	WT_1:270/64__WT_2:1941/138__KD_1:572/29__KD_2:878/70	-0.7005310444999999	-0.2863916832956569
285	6	52995834	ENST00000636484	+	TAGAA	0.9823085794355126	0.8787728304934296	0.020963825177405207	0.043597564939353975	0.9999443603933589	0.23372403999523292	0.000365133323728267	2.3891514694314077e-11	full	2	WT_1:267/53__WT_2:1375/676__KD_1:426/171__KD_2:688/225	0.1436359359999999	-0.22143881931219647
286	6	52995835	ENST00000636484	+	AGAAC	0.9823085794355126	0.8787728304934296	0.09546667204138999	0.054271546739870245	0.8204562311779169	0.14062601219811233	0.006087785507524154	1.142563674239608e-08	full	2	WT_1:30/285__WT_2:209/1850__KD_1:47/543__KD_2:69/836	0.2553493379999998	0.2816135666153995
287	6	52995836	ENST00000636484	+	GAACC	0.9823085794355126	0.8787728304934296	0.11365655886721504	0.08358512273138588	0.3218952469052102	0.25367839486617694	4.668586679904261e-05	0.0013771129148468363	full	2	WT_1:117/207__WT_2:457/1662__KD_1:136/474__KD_2:278/668	0.13077170300000007	-0.16619052548716828
288	6	52995837	ENST00000636484	+	AACCT	0.9823085794355126	0.8787728304934296	0.9848257126403814	0.1761299873310647	0.04992386630793915	0.22011456912624444	0.1265572423936228	0.009993966983307963	full	2	WT_1:20/305__WT_2:106/2041__KD_1:34/591__KD_2:47/907	0.07014155649999987	-0.010871858554089057
289	6	52995838	ENST00000636484	+	ACCTC	0.9823085794355126	0.8787728304934296	0.7072399899484727	0.34759906141860253	0.5334745407884729	0.14766728648034555	0.16928022083307304	0.012969506240567448	full	2	WT_1:84/242__WT_2:548/1586__KD_1:189/429__KD_2:223/709	-0.07076620549999979	-0.046595855760539914
290	6	52995839	ENST00000636484	+	CCTCC	0.9823085794355126	0.8787728304934296	0.37824112864805204	0.5514221276941955	0.5715610428579244	0.1894858472994817	0.984863426428687	0.07118617651588066	full	2	WT_1:36/296__WT_2:286/1856__KD_1:86/532__KD_2:140/806	-0.19643624400000004	-0.12223684593193858
291	6	52995840	ENST00000636484	+	CTCCA	0.9823085794355126	0.8787728304934296	0.9632956248766631	0.19039920314751999	0.1348592184699072	0.14801700154256758	0.0168340657135666	2.824199402605147e-05	full	2	WT_1:40/302__WT_2:288/1852__KD_1:82/537__KD_2:123/829	-0.044066594999999875	0.013009416161892547
292	6	52995841	ENST00000636484	+	TCCAA	0.9823085794355126	0.8787728304934296	0.5094321092546801	0.20417247387282278	0.8637600179446612	0.17721554997623878	0.057111525276121095	8.256666052007317e-10	full	2	WT_1:339/3__WT_2:2113/23__KD_1:612/5__KD_2:943/6	-0.30494344600000023	-0.35573687669617804
293	6	52995842	ENST00000636484	+	CCAAA	0.9838935591406793	0.8787728304934296	0.020624424498919408	0.2464817864307173	0.014691781368791514	0.1894858472994817	4.855174264799082e-16	3.4513127280595085e-10	full	2	WT_1:256/82__WT_2:1854/286__KD_1:557/67__KD_2:738/226	-0.1444029619999998	0.26066229423425785
294	6	52995843	ENST00000636484	+	CAAAC	0.9823085794355126	0.8787728304934296	0.9035100741688502	0.16265966328166154	0.9999443603933589	0.22522951273610584	4.385175001165994e-21	4.2297751930247854e-10	full	2	WT_1:27/301__WT_2:225/1903__KD_1:57/559__KD_2:100/854	-0.0529624989999995	0.026489514276124115
295	6	52995844	ENST00000636484	+	AAACA	0.9823085794355126	0.8798828595987277	0.7423638629584418	0.11591543827163152	0.8062969886475588	0.2018726065948376	0.034912274526677375	5.651177839607339e-10	full	2	WT_1:77/255__WT_2:330/1780__KD_1:84/531__KD_2:186/758	0.18180243400000018	-0.04719652679023395
296	6	52995845	ENST00000636484	+	AACAA	0.9823085794355126	0.8798828595987277	0.2300513053600548	0.020267019333687974	0.3479856046848605	0.27035763019210857	0.03995031246365112	3.4366174242364105e-07	full	2	WT_1:288/42__WT_2:1798/292__KD_1:529/82__KD_2:835/101	-0.11882600099999996	-0.17462157475794307
297	6	52995846	ENST00000636484	+	ACAAG	0.9968079488447373	0.8787728304934296	0.1572125332990367	0.020267019333687974	0.5164259691335309	0.21763426538055908	0.1727295516451916	0.007889396736656501	full	2	WT_1:7/307__WT_2:106/1866__KD_1:29/557__KD_2:23/874	0.004707043500000285	0.3484098146818098
298	6	52995847	ENST00000636484	+	CAAGC	0.9823085794355126	0.8787728304934296	3.2814884511563678e-06	0.02295174131050498	0.08873546402145069	0.0721215904642269	0.0003528730327257956	0.015264688016454449	full	2	WT_1:281/6__WT_2:1349/464__KD_1:437/101__KD_2:725/102	0.675876132	-0.49854765006984836
299	6	52995848	ENST00000636484	+	AAGCT	0.9823085794355126	0.8798828595987277	0.9848257126403814	0.001240349225486527	0.3559575710781406	0.020807146059661184	0.033069536518750414	0.006789831076629756	full	2	WT_1:9/310__WT_2:36/2021__KD_1:11/598__KD_2:17/902	0.19378671900000022	0.020750850665688478
300	6	52995849	ENST00000636484	+	AGCTC	0.9823085794355126	0.8787728304934296	0.9972877192029943	0.0015739856169033816	0.005616598606343115	0.0014188947413198059	0.48235717216024315	0.0016310576716515577	full	2	WT_1:300/13__WT_2:2009/52__KD_1:586/16__KD_2:882/25	-0.18169455799999978	0.0006805035989013672
301	6	52995850	ENST00000636484	+	GCTCT	0.9964920755652311	0.8787728304934296	3.2814884511563678e-06	0.054271546739870245	0.012344906790580762	0.00161597295275902	0.0014133361145978094	0.0016167741993828623	full	2	WT_1:167/146__WT_2:640/1407__KD_1:208/388__KD_2:433/468	0.022719319499999946	-0.36517585749868187
302	6	52995851	ENST00000636484	+	CTCTC	0.9823085794355126	0.8787728304934296	0.5700108605782601	0.03561276615151791	2.7893793401873418e-05	0.0018880426809868597	0.000566997797572127	0.0026472548230954025	full	2	WT_1:1/306__WT_2:19/2009__KD_1:12/584__KD_2:5/893	-0.41662474900000035	-0.29500105735748733
303	6	52995852	ENST00000636484	+	TCTCA	0.9823085794355126	0.8787728304934296	0.9422198652306304	0.02295174131050498	0.15116406520299602	0.007643836326968467	0.0003369491194800588	1.4939479436062953e-05	full	2	WT_1:261/47__WT_2:1745/270__KD_1:526/65__KD_2:758/134	-0.12208269850000009	-0.01785166476512356
304	6	52995853	ENST00000636484	+	CTCAA	0.9823085794355126	0.8787728304934296	0.24052222524995853	0.03713891819641584	0.6881454658430971	0.006943464097331359	0.21524431155758214	2.20682575252323e-06	full	2	WT_1:272/24__WT_2:1866/115__KD_1:529/47__KD_2:811/62	0.10552615599999982	0.22576076898384353
305	6	52995854	ENST00000636484	+	TCAAG	0.9823085794355126	0.8787728304934296	0.2472786121744299	0.03688754703113174	0.6733847354530711	0.14112171906953486	2.0505271690540695e-10	5.286161161351676e-06	full	2	WT_1:224/25__WT_2:1730/110__KD_1:508/23__KD_2:746/44	-0.47943433150000025	-0.24989255970636176
306	6	52995855	ENST00000636484	+	CAAGG	0.9823085794355126	0.8787728304934296	2.9378885603654875e-05	0.029876712217234883	0.007031995961447676	0.19817237524206574	3.009160314868065e-07	2.2710057638160467e-05	full	2	WT_1:193/82__WT_2:1250/567__KD_1:321/217__KD_2:508/316	0.3874959585	0.3571700947326408
307	6	52995856	ENST00000636484	+	AAGGT	0.9823085794355126	0.8787728304934296	0.5374662638641674	0.004996303209425667	0.8358883483709184	0.2202445984567207	0.027634253459775153	3.914563568011988e-06	full	2	WT_1:146/104__WT_2:1015/462__KD_1:259/142__KD_2:442/228	-0.06765547799999994	0.07980729226572791
308	6	52995857	ENST00000636484	+	AGGTC	0.9823085794355126	0.8787728304934296	0.5058149173644971	0.006003915208145129	0.641196855142747	0.19495720428531127	0.1265572423936228	2.0044651251233823e-06	full	2	WT_1:65/175__WT_2:384/1050__KD_1:114/253__KD_2:172/459	-0.10737312799999998	-0.09226532907711672
309	6	52995858	ENST00000636484	+	GGTCC	0.9823085794355126	0.8787728304934296	0.0003222624382034498	0.07785262724829764	0.9999443603933589	0.5492726492703666	0.00018044703304108658	5.338472397798224e-07	full	2	WT_1:80/195__WT_2:428/1172__KD_1:156/271__KD_2:247/494	-0.324421579	-0.3488897898525298
310	6	52995859	ENST00000636484	+	GTCCA	0.9823085794355126	0.8787728304934296	0.42249346075660565	0.06871455550449156	0.3559575710781406	0.25892907106674934	7.163972945630922e-12	2.0115164046409055e-12	full	2	WT_1:269/25__WT_2:1773/145__KD_1:512/54__KD_2:792/72	0.10970226100000025	0.1507398050167619
311	6	52995860	ENST00000636484	+	TCCAT	0.9823085794355126	0.8787728304934296	0.995272886224682	0.05876131405235647	0.8204562311779169	0.20765991830170583	1.1829093680359892e-09	8.548996643879942e-13	full	2	WT_1:89/214__WT_2:538/1449__KD_1:164/426__KD_2:240/645	0.038204742999999985	-0.0010451803887468205
312	6	52995861	ENST00000636484	+	CCATT	0.9941791610376165	0.8787728304934296	0.34891771975102653	0.08610828364003865	0.03827764181367395	0.0817053917905023	1.1663878928337505e-26	1.2342076604719548e-13	full	2	WT_1:288/20__WT_2:1929/50__KD_1:566/20__KD_2:846/37	-0.07229875099999994	0.24865391873088727
313	6	52995862	ENST00000636484	+	CATTT	0.9823085794355126	0.8787728304934296	0.24052222524995853	0.07225556707613544	0.2243586878710938	0.12064352186930426	0.0019167721433642035	5.406548415100048e-13	full	2	WT_1:34/271__WT_2:247/1733__KD_1:82/505__KD_2:126/755	-0.20183053250000005	-0.1641661848024462
314	6	52995863	ENST00000636484	+	ATTTG	0.9823085794355126	0.8787728304934296	0.0030123950339132457	0.028358640357428442	0.014691781368791514	0.12549768947969092	1.7290783152962963e-08	9.359152104851399e-13	full	2	WT_1:150/130__WT_2:959/963__KD_1:230/328__KD_2:373/441	0.3293093145	0.25733562823736617
315	6	52995864	ENST00000636484	+	TTTGT	0.9823085794355126	0.8787728304934296	0.20738143739310183	0.023979234589716788	0.9999443603933589	0.2202445984567207	7.515558290811262e-09	1.5389531996972383e-07	full	2	WT_1:140/163__WT_2:1220/756__KD_1:340/243__KD_2:478/384	-0.11310791550000004	0.12605741522350908
316	6	52995865	ENST00000636484	+	TTGTA	0.9823085794355126	0.8787728304934296	0.02291174524519822	0.03162445629872027	0.9087937639389172	0.3097067739252923	2.1773817034127806e-08	5.3230085405494e-07	full	2	WT_1:145/153__WT_2:1193/777__KD_1:422/158__KD_2:497/361	-0.46121602649999993	-0.20712579005351223
317	6	52995866	ENST00000636484	+	TGTAG	0.9955520244594518	0.8798828595987277	0.2300513053600548	0.10980172992936513	0.8358883483709184	0.8073511744199391	0.0039306008251550435	2.679008493793186e-06	full	2	WT_1:167/126__WT_2:1232/626__KD_1:348/207__KD_2:509/316	-0.018503469500000036	0.1270498726365351
318	6	52995867	ENST00000636484	+	GTAGG	0.9823085794355126	0.8787728304934296	0.6071532986215731	0.1761299873310647	0.838683913945333	0.8006771696046485	0.38057197305239776	0.00020615966551271037	full	2	WT_1:117/166__WT_2:697/1089__KD_1:246/293__KD_2:296/494	-0.05400300250000001	-0.06011046386333735
319	6	52995868	ENST00000636484	+	TAGGA	0.9838935591406793	0.9253498394032307	0.6628293265275722	0.4512115973891763	0.8351322031057901	0.49509948392609515	2.5132497730874022e-05	0.013736481662279884	full	2	WT_1:134/157__WT_2:924/997__KD_1:189/374__KD_2:468/378	0.1167777985	0.04808501912009105
320	6	52995869	ENST00000636484	+	AGGAG	0.9823085794355126	0.915834205203099	0.9886550890046764	0.5815561811983038	0.9999443603933589	0.4987820769869613	0.5880128125574642	0.030883613157111675	full	2	WT_1:151/151__WT_2:1155/766__KD_1:316/245__KD_2:517/341	-0.1292502475	0.002083740473082505
321	6	52995870	ENST00000636484	+	GGAGA	0.9955520244594518	0.8798828595987277	0.7861156432747906	0.6888823647417404	0.14015701801353755	0.4987820769869613	0.8422413960501638	0.03298875952032331	full	2	WT_1:82/222__WT_2:547/1381__KD_1:191/373__KD_2:201/663	-0.02828400200000003	0.035741627319387105
322	6	52995871	ENST00000636484	+	GAGAA	0.9838935591406793	0.8787728304934296	0.4827671857400842	0.4837197554899148	0.9117276157169358	0.3144995955036088	0.11237567282485594	0.14797006006351707	full	2	WT_1:132/172__WT_2:918/1012__KD_1:231/332__KD_2:413/450	0.043339318000000016	0.07388169650274864
323	6	52995872	ENST00000636484	+	AGAAC	0.9823085794355126	0.8787728304934296	0.9848257126403814	0.4375533010606889	0.8351322031057901	0.17721554997623878	0.5003514147681662	0.04938292475783052	full	2	WT_1:13/289__WT_2:88/1839__KD_1:25/537__KD_2:40/824	-0.014067365999999915	-0.011380106926176605
324	6	52995873	ENST00000636484	+	GAACG	0.9823085794355126	0.8787728304934296	0.23494942992627152	0.4114874106268994	0.17749170151105617	0.2223967457551647	0.011698458632562433	0.038717117062994987	full	2	WT_1:270/27__WT_2:1805/138__KD_1:539/29__KD_2:799/54	-0.3666700940000003	-0.24265109091862025
325	6	52995874	ENST00000636484	+	AACGT	0.9823085794355126	0.8787728304934296	0.7423638629584418	0.34153998899899024	0.07725305590865006	0.16395545307712883	0.007581142372005909	0.032377313025495916	full	2	WT_1:75/225__WT_2:281/1662__KD_1:97/470__KD_2:138/715	0.17241189099999987	-0.051027790393743465
326	6	52995875	ENST00000636484	+	ACGTA	0.9823085794355126	0.8787728304934296	0.6496839224157668	0.2800439458404407	0.4222806277174853	0.1327984044562056	0.34249205013774564	0.03291870082489879	full	2	WT_1:149/127__WT_2:709/1042__KD_1:189/320__KD_2:339/439	0.2781298525	0.05333989561453021
327	6	52995876	ENST00000636484	+	CGTAG	0.9823085794355126	0.8787728304934296	0.24052222524995853	0.3950305071283492	0.2779387001387644	0.16914395424444506	0.05371047424484523	0.05618014756228084	full	2	WT_1:23/254__WT_2:186/1497__KD_1:47/446__KD_2:62/681	0.08463262649999992	0.2063153254867194
328	6	52995877	ENST00000636484	+	GTAGG	0.9823085794355126	0.8798828595987277	0.4988465038307998	0.3541324792004719	0.2739703603074035	0.22522951273610584	0.5407005943485044	0.12785963724737834	full	2	WT_1:205/52__WT_2:1309/242__KD_1:423/47__KD_2:519/156	-0.16690511099999994	0.10524907281440843
329	6	52995878	ENST00000636484	+	TAGGG	0.9955520244594518	0.8798828595987277	0.7423638629584418	0.3982201015467731	0.6673193083670118	0.22518915772312265	0.10305445358522065	0.008846109995385926	full	2	WT_1:148/132__WT_2:894/845__KD_1:217/294__KD_2:438/296	0.04080727849999999	-0.039997986572035384
330	6	52995879	ENST00000636484	+	AGGGT	0.9898231402541555	0.9036875428288098	0.5189048568746633	0.19039920314751999	0.3658992034338692	0.3170377174912476	0.20327452112724484	0.0057331837876491865	full	2	WT_1:134/152__WT_2:904/994__KD_1:279/275__KD_2:362/483	0.02666119950000001	0.06852234767552541
331	6	52995880	ENST00000636484	+	GGGTA	0.9823085794355126	0.8787728304934296	0.9632956248766631	0.08899528514304834	0.3658992034338692	0.44999038956362086	5.373289753552244e-06	0.00028410292908228116	full	2	WT_1:265/21__WT_2:1802/93__KD_1:528/24__KD_2:797/47	-0.20832694900000037	-0.0238509444646824
332	6	52995881	ENST00000636484	+	GGTAG	0.9838935591406793	0.8787728304934296	0.013268029091771957	0.05704361478083926	0.9999443603933589	0.42578833941858474	0.008656288445878948	1.8789575895070432e-06	full	2	WT_1:105/149__WT_2:1118/717__KD_1:313/225__KD_2:397/405	-0.10621594700000003	0.22547391902970182
333	6	52995882	ENST00000636484	+	GTAGT	0.9823085794355126	0.8787728304934296	0.031103557104624778	0.06137264590544826	0.8078063364785715	0.5594674758276826	2.087597430623427e-06	2.9947472456542634e-08	full	2	WT_1:38/213__WT_2:234/1607__KD_1:52/491__KD_2:78/715	0.40342190600000016	0.32302661335373145
334	6	52995883	ENST00000636484	+	TAGTC	0.9823085794355126	0.8787728304934296	0.11236638330075284	0.06049623548920762	0.5255685355355546	0.7143995528475833	4.3800626250253574e-11	4.462630631604117e-07	full	2	WT_1:66/164__WT_2:288/1411__KD_1:56/448__KD_2:137/623	0.5426398589999999	0.21889570162500777
335	6	52995884	ENST00000636484	+	AGTCA	0.9823085794355126	0.8787728304934296	0.7701214298615104	0.11789628888494888	0.9999443603933589	0.49790032442650806	4.64290612111664e-09	2.4140573711922123e-08	full	2	WT_1:21/211__WT_2:229/1517__KD_1:73/438__KD_2:79/674	-0.11974654700000031	0.054530883331604926
336	6	52995885	ENST00000636484	+	GTCAA	0.9823085794355126	0.8787728304934296	0.8700742858164219	0.054271546739870245	0.8358883483709184	0.4381180359499203	0.44830900254633704	8.65379114984992e-08	full	2	WT_1:20/213__WT_2:89/1729__KD_1:27/510__KD_2:39/732	0.2674553669999997	0.049082388534722986
337	6	52995886	ENST00000636484	+	TCAAG	0.9823085794355126	0.8787728304934296	0.24052222524995853	0.05752139803665657	0.27438485325222084	0.27008268652541917	3.072569027086628e-08	8.476723965819407e-06	full	2	WT_1:206/17__WT_2:1658/117__KD_1:501/27__KD_2:718/40	-0.33252609999999994	-0.2613568789117075
338	6	52995887	ENST00000636484	+	CAAGC	0.9823085794355126	0.8787728304934296	0.0004895346627785052	0.04968624979717852	0.5164259691335309	0.24258829645352756	0.0006267317619579456	0.0007861434449609251	full	2	WT_1:16/198__WT_2:493/1243__KD_1:121/401__KD_2:127/617	-0.3083769995000001	0.3697485446314909
339	6	52995888	ENST00000636484	+	AAGCT	0.9823085794355126	0.8787728304934296	0.16441128746814687	0.04968624979717852	0.09085694203945499	0.19495720428531127	0.018435870809126877	0.0002893366881147746	full	2	WT_1:8/213__WT_2:23/1721__KD_1:4/515__KD_2:5/746	1.0095176379999997	0.7357412474429468
340	6	52995889	ENST00000636484	+	AGCTT	0.9823085794355126	0.8787728304934296	0.37612218005248266	0.06689594920843671	0.7771879311964631	0.22873673674762413	0.8764736488646521	0.005634082634939429	full	2	WT_1:210/11__WT_2:1680/80__KD_1:502/20__KD_2:727/26	-0.28544272550000027	-0.24154935504698485
341	6	52995890	ENST00000636484	+	GCTTC	0.9823085794355126	0.8787728304934296	0.8028079655742859	0.29546790998534717	0.2908254231745378	0.13563262326598452	0.00691086047565575	0.00403618159467667	full	2	WT_1:17/197__WT_2:132/1607__KD_1:42/470__KD_2:49/706	0.07618652149999994	0.06125495354051138
342	6	52995891	ENST00000636484	+	CTTCC	0.9823085794355126	0.8787728304934296	0.9414722393358164	0.4437709519741764	0.6304400561880368	0.21763426538055908	0.008571232530937571	0.0003014731199368408	full	2	WT_1:180/19__WT_2:1656/53__KD_1:481/23__KD_2:708/25	-0.33955227200000015	0.03554135607178605
343	6	52995892	ENST00000636484	+	TTCCA	0.9823085794355126	0.8787728304934296	0.35458925258136365	0.5253371392962225	0.028876337225312056	0.2223967457551647	0.00015819632552350354	1.5836287076752714e-06	full	2	WT_1:11/178__WT_2:77/1609__KD_1:17/477__KD_2:27/689	0.37698313750000034	0.2553125565149229
344	6	52995893	ENST00000636484	+	TCCAA	0.9823085794355126	0.8787728304934296	0.6521815543751056	0.3950305071283492	0.8351322031057901	0.19817237524206574	3.2782225475378855e-07	2.611825832890137e-07	full	2	WT_1:171/12__WT_2:1630/40__KD_1:481/12__KD_2:683/27	-0.27141325450000053	0.15476361273029268
345	6	52995894	ENST00000636484	+	CCAAG	0.9823085794355126	0.8787728304934296	0.6420935189572253	0.3283519760410956	0.8434262905933824	0.1782402544364935	1.8140852267850731e-10	5.008089792374389e-07	full	2	WT_1:177/6__WT_2:1653/31__KD_1:489/6__KD_2:701/13	-0.49114097099999965	-0.21178491085318413
346	6	52995895	ENST00000636484	+	CAAGA	0.9823085794355126	0.8787728304934296	0.30191410335387325	0.30120681027948126	0.1676266590874221	0.36320564129173233	3.0991153665998376e-06	1.4041206414376738e-06	full	2	WT_1:156/11__WT_2:1409/153__KD_1:429/31__KD_2:617/58	-0.08063439149999985	-0.20354013789010603
347	6	52995896	ENST00000636484	+	AAGAC	0.9823085794355126	0.8787728304934296	0.5058149173644971	0.26912870826660945	0.3722745275865702	0.37469074953430437	0.12355670715392619	4.364349651839896e-05	full	2	WT_1:154/4__WT_2:1414/87__KD_1:428/28__KD_2:610/43	0.44323339299999986	0.16705730360082122
348	6	52995897	ENST00000636484	+	AGACT	0.9823085794355126	0.8787728304934296	0.24581495132348335	0.2261099462166207	0.8078063364785715	0.2793356147264562	0.011988800350456026	0.0029219662872121016	full	2	WT_1:52/110__WT_2:248/1267__KD_1:62/394__KD_2:110/545	0.5309291429999998	0.17131009394154278
349	6	52995898	ENST00000636484	+	GACTC	0.9823085794355126	0.8787728304934296	0.45635138191541036	0.3099714641693386	0.8770868910935803	0.4987820769869613	0.7682554854096835	0.00044337759905031544	full	2	WT_1:103/11__WT_2:1217/82__KD_1:383/19__KD_2:513/32	-0.4275084470000001	-0.20496262122504694
350	6	52995899	ENST00000636484	+	ACTCC	0.9823085794355126	0.8787728304934296	0.3744280291984988	0.1333612124473487	0.3559575710781406	0.5716864435274692	0.009217844783625723	0.0004440478655878982	full	2	WT_1:18/74__WT_2:82/1055__KD_1:25/324__KD_2:29/450	0.6597733060000002	0.2306774492557484
351	6	52995900	ENST00000636484	+	CTCCA	0.9823085794355126	0.8787728304934296	0.8998197107939461	0.11792039675446557	0.9999443603933589	0.6384412117730265	1.1829093680359892e-09	5.4822055363316157e-05	full	2	WT_1:70/3__WT_2:904/92__KD_1:264/34__KD_2:414/29	0.2501290319999998	-0.04364876466901154
352	6	52995901	ENST00000636484	+	TCCAG	0.9823085794355126	0.8787728304934296	0.020624424498919408	0.11792039675446557	0.772216610403164	0.6669938128402886	0.1263063083963548	5.4822055363316157e-05	full	2	WT_1:56/13__WT_2:829/128__KD_1:254/52__KD_2:333/87	0.18041571199999984	0.39580536771449787
353	6	52995902	ENST00000636484	+	CCAGA	0.9823085794355126	0.8787728304934296	0.19502002932926343	0.1357846881555795	0.9999443603933589	0.856120132286784	1.5840496283786193e-06	0.00011679111303370432	full	2	WT_1:17/40__WT_2:65/728__KD_1:10/227__KD_2:26/281	1.0761506310000004	0.3952797421972526
354	6	52995903	ENST00000636484	+	CAGAC	0.9823085794355126	0.8787728304934296	0.42927936238839115	0.06871455550449156	0.974336609732727	0.5199411139319129	0.7817463063803686	0.010442413877139518	full	2	WT_1:24/43__WT_2:96/1003__KD_1:28/316__KD_2:38/386	0.89205943	0.1927706071459033
355	6	52995904	ENST00000636484	+	AGACA	0.9823085794355126	0.8787728304934296	0.6097170204533512	0.17829897213302975	0.8355803562258698	0.5663064383605297	0.21524431155758214	0.015264688016454449	full	2	WT_1:76/1__WT_2:1147/28__KD_1:362/8__KD_2:479/7	-0.23119191549999973	-0.2545092105924292
356	6	52995905	ENST00000636484	+	GACAC	0.9838935591406793	0.8787728304934296	0.07914320361284939	0.22057779607898695	0.17749170151105617	0.5231475675262298	0.16928022083307304	0.3620951692898815	full	2	WT_1:60/12__WT_2:833/281__KD_1:264/72__KD_2:377/87	-0.05828846399999987	-0.27728848062130096
357	6	52995906	ENST00000636484	+	ACACA	0.9823085794355126	0.8787728304934296	0.8218013198939412	0.2521979237319207	0.9999443603933589	0.5290694717424095	0.5407005943485044	0.22896234016859207	full	2	WT_1:62/1__WT_2:954/12__KD_1:294/3__KD_2:399/4	-0.4679790504999999	-0.1774753523936683
358	6	52995907	ENST00000636484	+	CACAT	0.9823085794355126	0.8787728304934296	0.4005607661554867	0.2740854231738792	0.8204562311779169	0.5066788721976243	0.7425054504589902	0.2780374065268211	full	2	WT_1:45/26__WT_2:549/524__KD_1:190/153__KD_2:238/199	0.09292876750000001	-0.1181622656020035
359	6	52995908	ENST00000636484	+	ACATC	0.9823085794355126	0.8787728304934296	0.6496839224157668	0.5454270732515408	0.9999443603933589	0.8297105327986496	0.1319920820790748	0.3725265076699155	full	2	WT_1:41/31__WT_2:698/365__KD_1:247/102__KD_2:273/157	-0.25514085349999993	-0.07235450522681358
360	6	52995909	ENST00000636484	+	CATCC	0.9823085794355126	0.8787728304934296	0.8028079655742859	0.5177998340953616	0.6733847354530711	0.7612541753175986	0.46121064206499784	0.13016543245946507	full	2	WT_1:57/18__WT_2:894/197__KD_1:287/56__KD_2:367/84	-0.2303900875	-0.05258871814988207
361	6	52995910	ENST00000636484	+	ATCCA	0.9823085794355126	0.8787728304934296	0.7423638629584418	0.4837197554899148	0.9999443603933589	0.8299805105439069	0.5401792857771371	0.005789904574040689	full	2	WT_1:7/62__WT_2:168/702__KD_1:60/213__KD_2:71/319	-0.37119716700000005	-0.07367233720891352
362	6	52995911	ENST00000636484	+	TCCAA	0.9823085794355126	0.8787728304934296	0.7002355879830225	0.20417247387282278	0.8351322031057901	0.27035763019210857	0.008002084181271274	0.00011301674034070931	full	2	WT_1:5/69__WT_2:65/875__KD_1:14/276__KD_2:30/403	0.22047392799999965	0.12692525794740733
363	6	52995912	ENST00000636484	+	CCAAA	0.9823085794355126	0.8787728304934296	0.31683625311261393	0.20979688826906528	0.9999443603933589	0.31033706540430217	1.9417342638934875e-06	5.3631169985534216e-05	full	2	WT_1:13/62__WT_2:142/857__KD_1:25/282__KD_2:67/389	0.4190762640000001	0.2031411845763416
364	6	52995913	ENST00000636484	+	CAAAT	0.9823085794355126	0.8787728304934296	0.0267424421732648	0.1761299873310647	0.012344906790580762	0.2914348591937607	8.708219346984838e-09	1.546448334565117e-05	full	2	WT_1:67/4__WT_2:907/123__KD_1:300/24__KD_2:406/32	-0.19975372899999977	-0.487572190983791
365	6	52995914	ENST00000636484	+	AAATG	0.9823085794355126	0.8787728304934296	0.8763274253507475	0.19469355220638898	0.9506013546381683	0.3097067739252923	0.021431608740289685	1.3703043954778593e-06	full	2	WT_1:10/59__WT_2:325/778__KD_1:104/240__KD_2:126/318	-0.40786117750000006	-0.030175177885567117
366	6	52995915	ENST00000636484	+	AATGA	0.9823085794355126	0.8787728304934296	0.40271692192810726	0.2717837615900006	0.8637600179446612	0.23372403999523292	0.004324777209380246	2.9060060400622117e-06	full	2	WT_1:67/7__WT_2:1077/42__KD_1:338/16__KD_2:432/27	-0.18479559100000031	0.2676381709151268
367	6	52995916	ENST00000636484	+	ATGAG	0.9968079488447373	0.8787728304934296	0.9848257126403814	0.6559351150253133	0.9506013546381683	0.602879730332486	1.75070308385682e-07	0.00025005698101514197	full	2	WT_1:52/21__WT_2:783/322__KD_1:254/98__KD_2:318/139	-0.001843108999999954	0.009371912668044189
368	6	52995917	ENST00000636484	+	TGAGG	0.9823085794355126	0.8787728304934296	0.9894406138968902	0.621506619276508	0.39774801860799763	0.5690334854585325	7.724133490750306e-05	0.0003298555222023352	full	2	WT_1:19/54__WT_2:229/888__KD_1:75/279__KD_2:94/362	0.1404816835	-0.0028235195290483082
369	6	52995918	ENST00000636484	+	GAGGC	0.9823085794355126	0.8798828595987277	0.6097170204533512	0.4070052404757921	0.7164919042171478	0.5235727691540252	0.984863426428687	0.00038106525198705	full	2	WT_1:43/26__WT_2:781/308__KD_1:231/110__KD_2:341/103	-0.25538038799999996	-0.08365684718327461
370	6	52995919	ENST00000636484	+	AGGCG	0.9823085794355126	0.8787728304934296	0.7423638629584418	0.36365289936603445	0.8204562311779169	0.48489519420081034	0.07464786071831035	0.002895620605165426	full	2	WT_1:28/42__WT_2:358/710__KD_1:115/222__KD_2:154/275	0.07665150100000007	-0.053462416743834174
371	6	52995920	ENST00000636484	+	GGCGC	0.9955520244594518	0.8787728304934296	0.11076322352090569	0.34183591259018986	0.6673193083670118	0.4987820769869613	0.007928918370059325	0.013323735665094906	full	2	WT_1:52/17__WT_2:711/366__KD_1:223/115__KD_2:325/103	-0.028963061999999984	-0.23110147511423854
372	6	52995921	ENST00000636484	+	GCGCT	0.9823085794355126	0.8787728304934296	0.6841621097287239	0.25730993024666177	0.6359460415871454	0.5200113005900865	0.0008575792154449588	0.009607566464666815	full	2	WT_1:1/71__WT_2:17/1090__KD_1:6/346__KD_2:3/448	0.4680729960000005	0.2622980634148733
373	6	52995922	ENST00000636484	+	CGCTG	0.9955520244594518	0.8787728304934296	0.8218013198939412	0.14101046225198363	0.5164259691335309	0.5200113005900865	0.041370423519636275	4.33617715892647e-05	full	2	WT_1:59/12__WT_2:941/170__KD_1:290/64__KD_2:391/66	-0.01488414700000007	0.04943629183148721
374	6	52995923	ENST00000636484	+	GCTGC	0.9823085794355126	0.8787728304934296	0.24052222524995853	0.1610109540664134	0.838683913945333	0.42578833941858474	0.2845737768163494	3.627241186699573e-06	full	2	WT_1:65/7__WT_2:988/126__KD_1:314/39__KD_2:424/32	-0.22827717350000043	-0.26612387278175276
375	6	52995924	ENST00000636484	+	CTGCA	0.9823085794355126	0.8787728304934296	0.1015840809298473	0.13019390574938874	0.8351322031057901	0.26362990035247186	8.24518899958548e-12	1.2993747286671044e-05	full	2	WT_1:31/37__WT_2:432/642__KD_1:116/225__KD_2:160/283	0.329336842	0.22622226441928656
376	6	52995925	ENST00000636484	+	TGCAT	0.9838935591406793	0.8787728304934296	0.16441128746814687	0.11785905722106055	0.2897221940530964	0.014976456627869188	2.7547566142406346e-07	1.2299566979134583e-08	full	2	WT_1:57/10__WT_2:823/235__KD_1:274/57__KD_2:357/81	-0.05862768149999997	-0.23868937101234966
377	6	52995926	ENST00000636484	+	GCATG	0.9823085794355126	0.8787728304934296	0.35633492066095285	0.11831510906651285	0.10170140126395336	0.01635396708533349	0.15115216061596953	1.1974760025497425e-08	full	2	WT_1:65/2__WT_2:995/50__KD_1:317/20__KD_2:409/27	0.33074124150000017	0.2789497584362362
378	6	52995927	ENST00000636484	+	CATGT	0.9823085794355126	0.8787728304934296	0.569332125382718	0.16265966328166154	4.782164019836349e-06	0.017784313510476532	2.906347663767871e-15	1.1103148130567415e-06	full	2	WT_1:56/10__WT_2:978/46__KD_1:316/12__KD_2:391/34	-0.4641630790000004	0.18680894588126148
379	6	52995928	ENST00000636484	+	ATGTG	0.9968079488447373	0.8787728304934296	0.2504538343250841	0.1883075133645011	0.9999443603933589	0.028296908079458227	0.2386188680246309	1.0285763036627298e-05	full	2	WT_1:6/59__WT_2:168/829__KD_1:37/281__KD_2:62/351	-0.007572019499999971	0.2199889745656937
380	6	52995929	ENST00000636484	+	TGTGG	0.9823085794355126	0.8798828595987277	0.24052222524995853	0.22057779607898695	0.9999443603933589	0.0721215904642269	0.0025641502092013115	8.783470622946362e-06	full	2	WT_1:36/27__WT_2:783/186__KD_1:248/64__KD_2:295/108	-0.3150316970000001	0.19767067287828463
381	6	52995930	ENST00000636484	+	GTGGC	0.9823085794355126	0.8798828595987277	0.2423471171825953	0.2261099462166207	0.9087937639389172	0.9214413708234079	0.005894290995007852	0.020041338485379482	full	2	WT_1:9/48__WT_2:191/748__KD_1:54/247__KD_2:64/335	0.09917031750000005	0.21151392250782328
382	6	52995931	ENST00000636484	+	TGGCA	0.9964920755652311	0.8787728304934296	0.6687381831030065	0.3380594470532946	0.8358883483709184	0.8619063859518827	0.07709485594401451	0.004754058937236812	full	2	WT_1:48/8__WT_2:723/154__KD_1:227/55__KD_2:324/50	-0.010015745999999881	-0.09487460294701405
383	6	52995932	ENST00000636484	+	GGCAG	0.9823085794355126	0.8787728304934296	0.6367611468736241	0.2144713945595933	0.9999443603933589	0.8527272786737197	0.4501084949868537	0.0025986190369645897	full	2	WT_1:47/3__WT_2:766/47__KD_1:252/20__KD_2:340/10	-0.3333309075000006	-0.18107246123436274
384	6	52995933	ENST00000636484	+	GCAGT	0.9823085794355126	0.8787728304934296	0.9848257126403814	0.19039920314751999	0.8351322031057901	0.6948562476245175	0.0006578123971824546	0.00588249971585256	full	2	WT_1:30/20__WT_2:583/267__KD_1:173/102__KD_2:257/98	-0.15689363850000004	-0.005768734033475815
385	6	52995934	ENST00000636484	+	CAGTC	0.9823085794355126	0.8787728304934296	0.044601212631108035	0.14101046225198363	0.974336609732727	0.6948562476245175	0.0002110406228073051	0.008990629987793177	full	2	WT_1:18/25__WT_2:115/544__KD_1:37/165__KD_2:26/260	0.9411160035000001	0.4477597020320154
386	6	52995935	ENST00000636484	+	AGTCT	0.9838935591406793	0.8787728304934296	0.1760280777142867	0.129170554882188	0.48913558920081546	0.6758056042709819	0.16376705909815714	0.004971445515774967	full	2	WT_1:6/32__WT_2:164/461__KD_1:37/155__KD_2:59/217	0.061101760000000116	0.2859954804551699
387	6	52995936	ENST00000636484	+	GTCTG	0.9823085794355126	0.8787728304934296	0.24052222524995853	0.08709819503618531	0.8358883483709184	0.5200113005900865	0.40066434964901476	0.016899233270329866	full	2	WT_1:45/9__WT_2:756/75__KD_1:234/19__KD_2:351/25	-0.6223508314999999	-0.3221999484304951
388	6	52995937	ENST00000636484	+	TCTGC	0.9823085794355126	0.8787728304934296	0.47570082860322044	0.16454874596867236	0.9662289543183413	0.5199411139319129	0.042207772262991994	0.003716644759368806	full	2	WT_1:25/27__WT_2:392/418__KD_1:137/111__KD_2:179/189	-0.1464284365	-0.11662902862371395
389	6	52995938	ENST00000636484	+	CTGCC	0.9823085794355126	0.8787728304934296	0.24052222524995853	0.22656496897927264	0.31759234823614424	0.5200113005900865	0.10673472154803385	0.005009779292720215	full	2	WT_1:10/31__WT_2:104/608__KD_1:23/195__KD_2:39/269	0.5919523929999997	0.2823666312053517
390	6	52995939	ENST00000636484	+	TGCCT	0.9823085794355126	0.8787728304934296	0.45635138191541036	0.34759906141860253	0.974336609732727	0.5580944375285354	2.8950754201464227e-07	0.006371986301798438	full	2	WT_1:9/27__WT_2:67/531__KD_1:16/160__KD_2:27/241	0.6590845179999998	0.22991840339934536
391	6	52995940	ENST00000636484	+	GCCTT	0.9823085794355126	0.8787728304934296	0.5514410607605027	0.44068848665056526	0.5164259691335309	0.5690334854585325	0.5224519960349588	0.014268102099827658	full	2	WT_1:25/14__WT_2:84/552__KD_1:37/166__KD_2:52/233	0.8213882235000001	-0.14822406115762107
